Estimate ID,Estimate #,Close Date,Status,Division,Price,Hours,Price/Hour
EST4920011,EST4920011,2025-02-17T00:00:00+00:00,won,LE Paving,63225.41,118,535.81
EST4958530,EST4958530,2025-03-27T00:00:00+00:00,won,LE Paving,19487.06,0,
EST5244081,EST5244081,2025-04-25T00:00:00+00:00,won,LE Paving,1395.42,6,232.57
EST3062103,EST3062103,2025-03-26T00:00:00+00:00,won,LE Maintenance (Summer/Winter),5932.5,0,
EST4751221,EST4751221,2025-01-31T00:00:00+00:00,won,LE Paving,175000,268,652.99
EST4863211,EST4863211,2025-03-27T00:00:00+00:00,won,LE Paving,14596.92,90,162.19
EST5164163,EST5164163,2025-02-23T00:00:00+00:00,won,LE Irrigation,628.58,6,104.76
EST5353487,EST5353487,2025-05-13T00:00:00+00:00,won,LE Paving,48165.9,175,275.23
EST5341923,EST5341923,2025-04-29T00:00:00+00:00,won,LE Tree Care,382.02,3,127.34
EST5344895,EST5344895,2025-05-19T00:00:00+00:00,won,LE Landscapes,32958.08,134,245.96
EST5346405,EST5346405,2025-05-25T00:00:00+00:00,won,LE Tree Care,1026.46,8,128.31
EST5386023,EST5386023,2025-05-19T00:00:00+00:00,won,LE Landscapes,793.38,4,198.34
EST3127932,EST3127932,2025-10-05T00:00:00+00:00,won,LE Maintenance (Summer/Winter),2310,0,
EST5406543,EST5406543,2025-07-06T00:00:00+00:00,won,LE Paving,51912.46,102,508.95
EST5392734,EST5392734,2025-05-14T00:00:00+00:00,won,LE Tree Care,509.34,4,127.33
EST5363048,EST5363048,2025-05-04T00:00:00+00:00,won,LE Tree Care,406,4,101.50
EST5414233,EST5414233,2025-06-01T00:00:00+00:00,won,LE Tree Care,1503.96,10,150.40
EST5113666,EST5113666,2025-03-24T00:00:00+00:00,won,LE Landscapes,631.34,6,105.22
EST5432056,EST5432056,2025-05-25T00:00:00+00:00,won,LE Tree Care,500.01,3,166.67
EST5435892,EST5435892,2025-05-27T00:00:00+00:00,won,LE Landscapes,5137.14,26,197.58
EST5415810,EST5415810,2025-05-19T00:00:00+00:00,won,LE Irrigation,352.94,0,
EST5346312,EST5346312,2025-06-23T00:00:00+00:00,won,LE Paving,4939.74,0,
EST5346346,EST5346346,2025-06-23T00:00:00+00:00,won,LE Paving,1357.3,0,
EST5169713,EST5169713,2025-02-27T00:00:00+00:00,won,Parking Lot Sweeping,3273.33,0,
EST5450738,EST5450738,2025-06-09T00:00:00+00:00,won,LE Landscapes,2546.43,8,318.30
EST5457357,EST5457357,2025-06-02T00:00:00+00:00,won,LE Tree Care,203,1,203.00
EST5462899,EST5462899,2025-06-04T00:00:00+00:00,won,LE Irrigation,150,0,
EST5169653,EST5169653,2025-02-27T00:00:00+00:00,won,Parking Lot Sweeping,1857.7,0,
EST5169722,EST5169722,2025-03-23T00:00:00+00:00,won,Parking Lot Sweeping,1367,0,
EST5474819,EST5474819,2025-06-09T00:00:00+00:00,won,LE Maintenance Enchancements,1153.94,10,115.39
EST5468942,EST5468942,2025-06-12T00:00:00+00:00,won,LE Landscapes,2024.1,8,253.01
EST2990491,EST2990491,2025-02-27T00:00:00+00:00,won,LE Maintenance (Summer/Winter),1830.57,0,
EST2990471,EST2990471,2025-02-27T00:00:00+00:00,won,LE Maintenance (Summer/Winter),1830.57,0,
EST2990483,EST2990483,2025-02-27T00:00:00+00:00,won,LE Maintenance (Summer/Winter),1830.57,0,
EST5506290,EST5506290,2025-07-22T00:00:00+00:00,won,LE Landscapes,1639.48,10,163.95
EST5519782,EST5519782,2025-07-15T00:00:00+00:00,won,LE Paving,14763,48,307.56
EST5519631,EST5519631,2025-07-16T00:00:00+00:00,won,LE Paving,10000.1,54,185.19
EST5506745,EST5506745,2025-06-19T00:00:00+00:00,won,LE Tree Care,405.99,2,203.00
EST5064509,EST5064509,2025-01-08T00:00:00+00:00,won,LE Tree Care,484.36,4,121.09
EST3019790,EST3019790,2025-03-11T00:00:00+00:00,won,LE Maintenance (Summer/Winter),2684.06,0,
EST5444888,EST5444888,2025-06-12T00:00:00+00:00,won,LE Paving,9687.76,24,403.66
EST5379075,EST5379075,2025-07-13T00:00:00+00:00,won,LE Paving,3796,0,
EST5520251,EST5520251,2025-07-20T00:00:00+00:00,won,LE Paving,1575,0,
EST5561611,EST5561611,2025-07-13T00:00:00+00:00,won,LE Tree Care,562.48,4,140.62
EST5597407,EST5597407,2025-07-31T00:00:00+00:00,won,LE Tree Care,1069.89,7,152.84
EST5585118,EST5585118,2025-08-19T00:00:00+00:00,won,LE Landscapes,26553.99,32,829.81
EST5599550,EST5599550,2025-07-31T00:00:00+00:00,won,LE Tree Care,2816.88,18,156.49
EST5461064,EST5461064,2025-06-10T00:00:00+00:00,won,LE Paving,4802.62,15,320.17
EST5571716,EST5571716,2025-07-20T00:00:00+00:00,won,LE Paving,926.47,0,
EST5561236,EST5561236,2025-07-17T00:00:00+00:00,won,LE Tree Care,406,3,135.33
EST5566693,EST5566693,2025-09-08T00:00:00+00:00,won,LE Paving,72031.39,165,436.55
EST4894879,EST4894879,2025-07-23T00:00:00+00:00,won,LE Paving,31697.14,69,459.38
EST5566794,EST5566794,2025-07-15T00:00:00+00:00,won,LE Paving,4348.34,30,144.94
EST5595486,EST5595486,2025-07-27T00:00:00+00:00,won,LE Tree Care,727.55,5,145.51
EST5561631,EST5561631,2025-07-14T00:00:00+00:00,won,LE Tree Care,1222.72,8,152.84
EST5580491,EST5580491,2025-07-20T00:00:00+00:00,won,LE Tree Care,873.76,6.5,134.42
EST5578649,EST5578649,2025-07-20T00:00:00+00:00,won,LE Tree Care,878.58,6,146.43
EST5460758,EST5460758,2025-06-24T00:00:00+00:00,won,LE Landscapes,52873.6,196,269.76
EST5574635,EST5574635,2025-07-17T00:00:00+00:00,won,LE Maintenance Enchancements,500.01,7,71.43
EST3143942,EST3143942,2025-06-30T00:00:00+00:00,won,LE Maintenance (Summer/Winter),15771.35,0,
EST5592485,EST5592485,2025-08-05T00:00:00+00:00,won,LE Paving,4345.21,28,155.19
EST3143828,EST3143828,2025-09-07T00:00:00+00:00,won,LE Maintenance (Summer/Winter),15311.99,0,
EST5585007,EST5585007,2025-07-24T00:00:00+00:00,won,LE Landscapes,21182.54,80,264.78
EST5405949,EST5405949,2025-05-22T00:00:00+00:00,won,LE Tree Care,8171,43,190.02
EST5077566,EST5077566,2025-01-05T00:00:00+00:00,won,LE Tree Care,1569.02,12,130.75
EST5451698,EST5451698,2025-06-01T00:00:00+00:00,won,LE Irrigation,14312.16,0,
EST5616673,EST5616673,2025-08-06T00:00:00+00:00,won,LE Tree Care,586.92,4,146.73
EST5609487,EST5609487,2025-08-07T00:00:00+00:00,won,LE Irrigation,5975.34,32,186.73
EST5618743,EST5618743,2025-08-04T00:00:00+00:00,won,LE Irrigation,305.22,3,101.74
EST5617579,EST5617579,2025-08-06T00:00:00+00:00,won,LE Tree Care,703.11,5,140.62
EST5631620,EST5631620,2025-09-18T00:00:00+00:00,won,LE Irrigation,1483.97,14,106.00
EST5641692,EST5641692,2025-08-13T00:00:00+00:00,won,LE Paving,1637.48,8,204.69
EST5432160,EST5432160,2025-05-25T00:00:00+00:00,won,LE Irrigation,1088.89,0,
EST5453356,EST5453356,2025-06-03T00:00:00+00:00,won,LE Irrigation,2489.46,24,103.73
EST3113018,EST3113018,2025-04-22T00:00:00+00:00,won,LE Maintenance (Summer/Winter),2610,0,
EST5638564,EST5638564,2025-08-17T00:00:00+00:00,won,LE Irrigation,1303.71,12,108.64
EST5360820,EST5360820,2025-05-01T00:00:00+00:00,won,LE Irrigation,150,0,
EST5643104,EST5643104,2025-09-01T00:00:00+00:00,won,LE Tree Care,1268.04,8,158.50
EST5307308,EST5307308,2025-05-15T00:00:00+00:00,won,LE Irrigation,650,0,
EST5634330,EST5634330,2025-08-10T00:00:00+00:00,won,LE Irrigation,471.61,4,117.90
EST5490855,EST5490855,2025-07-06T00:00:00+00:00,won,LE Irrigation,2624.02,24,109.33
EST5432834,EST5432834,2025-06-01T00:00:00+00:00,won,LE Irrigation,549.42,4,137.35
EST5641433,EST5641433,2025-08-12T00:00:00+00:00,won,LE Tree Care,1706.52,10,170.65
EST5368203,EST5368203,2025-05-04T00:00:00+00:00,won,LE Irrigation,150,0,
EST5651265,EST5651265,2025-08-20T00:00:00+00:00,won,LE Landscapes,2999.99,40,75.00
EST5650526,EST5650526,2025-08-18T00:00:00+00:00,won,LE Paving,13894.57,92,151.03
EST5647245,EST5647245,2025-08-17T00:00:00+00:00,won,LE Tree Care,1455.08,10,145.51
EST5668632,EST5668632,2025-09-01T00:00:00+00:00,won,LE Tree Care,749.97,4,187.49
EST3251320,EST3251320,2025-09-28T00:00:00+00:00,won,LE Maintenance (Summer/Winter),30980,105,295.05
EST3254527,EST3254527,2025-09-28T00:00:00+00:00,won,LE Maintenance (Summer/Winter),13355,15,890.33
EST3253896,EST3253896,2025-09-28T00:00:00+00:00,won,LE Maintenance (Summer/Winter),9785,5,1957.00
EST5450944,EST5450944,2025-06-01T00:00:00+00:00,won,LE Irrigation,125,0,
EST3260588,EST3260588,2025-09-23T00:00:00+00:00,won,LE Maintenance (Summer/Winter),49600,72,688.89
EST3259037,EST3259037,2025-09-24T00:00:00+00:00,won,LE Maintenance (Summer/Winter),34855,15,2323.67
EST5417650,EST5417650,2025-05-25T00:00:00+00:00,won,LE Irrigation,650,0,
EST4924236,EST4924236,2025-04-25T00:00:00+00:00,won,LE Paving,22952.7,39,588.53
EST5673984,EST5673984,2025-09-01T00:00:00+00:00,won,LE Tree Care,751.99,5,150.40
EST3258967,EST3258967,2025-10-19T00:00:00+00:00,won,LE Maintenance (Summer/Winter),31545,72,438.13
EST4851791,EST4851791,2025-05-14T00:00:00+00:00,won,LE Tree Care,1041.12,7,148.73
EST3253077,EST3253077,2025-10-05T00:00:00+00:00,won,LE Maintenance (Summer/Winter),4011,5,802.20
EST5453025,EST5453025,2025-06-12T00:00:00+00:00,won,LE Irrigation,976.14,10,97.61
EST3260356,EST3260356,2025-10-01T00:00:00+00:00,won,LE Maintenance (Summer/Winter),29189.99,72,405.42
EST5706225,EST5706225,2025-09-07T00:00:00+00:00,won,LE Irrigation,120,0,
EST3190284,EST3190284,2025-06-30T00:00:00+00:00,won,LE Maintenance (Summer/Winter),15049.91,105,143.33
EST5488582,EST5488582,2025-06-12T00:00:00+00:00,won,LE Irrigation,1612.85,10,161.28
EST5706309,EST5706309,2025-09-07T00:00:00+00:00,won,LE Irrigation,500,0,
EST5450892,EST5450892,2025-06-09T00:00:00+00:00,won,LE Tree Care,562.48,4,140.62
EST3268905,EST3268905,2025-09-01T00:00:00+00:00,won,LE Maintenance (Summer/Winter),51025,72,708.68
EST5690629,EST5690629,2025-09-01T00:00:00+00:00,won,LE Tree Care,892.6,6,148.77
EST5378939,EST5378939,2025-07-08T00:00:00+00:00,won,LE Paving,14094.53,36,391.51
EST5451423,EST5451423,2025-06-01T00:00:00+00:00,won,LE Irrigation,200,0,
EST4875856,EST4875856,2025-09-07T00:00:00+00:00,won,LE Paving,5311.47,15,354.10
EST5851132,EST5851132,2025-11-05T00:00:00+00:00,won,Line Painting,500,0,
EST5274604,EST5274604,2025-04-14T00:00:00+00:00,won,LE Tree Care,914.91,6,152.48
EST5721976,EST5721976,2025-09-28T00:00:00+00:00,won,LE Irrigation,160,0,
EST5727416,EST5727416,2025-09-17T00:00:00+00:00,won,LE Tree Care,1876.97,13,144.38
EST5431995,EST5431995,2025-05-25T00:00:00+00:00,won,LE Irrigation,3252.37,18,180.69
EST3024115,EST3024115,2025-03-11T00:00:00+00:00,won,LE Maintenance (Summer/Winter),46784.84,105,445.57
EST5727123,EST5727123,2025-10-26T00:00:00+00:00,won,LE Tree Care,2512.75,17,147.81
EST5451646,EST5451646,2025-06-01T00:00:00+00:00,won,LE Irrigation,200,0,
EST3024048,EST3024048,2025-03-11T00:00:00+00:00,won,LE Maintenance (Summer/Winter),50590.99,105,481.82
EST5451364,EST5451364,2025-06-01T00:00:00+00:00,won,LE Irrigation,499,0,
EST5451661,EST5451661,2025-06-01T00:00:00+00:00,won,LE Irrigation,200,0,
EST5380849,EST5380849,2025-06-12T00:00:00+00:00,won,LE Landscapes,3393.42,13,261.03
EST3052960,EST3052960,2025-03-24T00:00:00+00:00,won,LE Maintenance (Summer/Winter),22923.51,0,
EST3307570,EST3307570,2025-09-23T00:00:00+00:00,won,LE Maintenance (Summer/Winter),14235,15,949.00
EST5453295,EST5453295,2025-09-14T00:00:00+00:00,won,LE Tree Care,1384.77,9.5,145.77
EST5453139,EST5453139,2025-09-14T00:00:00+00:00,won,LE Tree Care,5505.45,37.5,146.81
EST5476210,EST5476210,2025-06-10T00:00:00+00:00,won,LE Tree Care,814.92,8,101.86
EST5763559,EST5763559,2025-09-29T00:00:00+00:00,won,LE Irrigation,150,0,
EST5718436,EST5718436,2025-10-19T00:00:00+00:00,won,LE Maintenance Enchancements,1400.79,6,233.47
EST5514565,EST5514565,2025-07-03T00:00:00+00:00,won,LE Landscapes,20956.84,64,327.45
EST5540516,EST5540516,2025-07-22T00:00:00+00:00,won,LE Maintenance Enchancements,1755.53,6,292.59
EST5764767,EST5764767,2025-10-01T00:00:00+00:00,won,LE Tree Care,1433.24,7,204.75
EST5764478,EST5764478,2025-10-20T00:00:00+00:00,won,LE Irrigation,300,0,
EST5755851,EST5755851,2025-09-28T00:00:00+00:00,won,LE Irrigation,160,0,
EST3207301,EST3207301,2025-09-29T00:00:00+00:00,won,LE Maintenance (Summer/Winter),21586.8,105,205.59
EST5640870,EST5640870,2025-08-12T00:00:00+00:00,won,LE Irrigation,1192.61,12,99.38
EST5423503,EST5423503,2025-06-12T00:00:00+00:00,won,LE Landscapes,1806.5,10,180.65
EST5764806,EST5764806,2025-09-29T00:00:00+00:00,won,LE Tree Care,2205.96,14,157.57
EST5764806,EST5764806,2025-09-29T00:00:00+00:00,won,LE Tree Care,2205.96,14,157.57
EST5517319,EST5517319,2025-07-06T00:00:00+00:00,won,LE Irrigation,5250.17,30,175.01
EST5770922,EST5770922,2025-10-07T00:00:00+00:00,won,LE Paving,6394.31,32,199.82
EST5775300,EST5775300,2025-10-07T00:00:00+00:00,won,LE Tree Care,446.31,3,148.77
EST5359859,EST5359859,2025-09-22T00:00:00+00:00,won,LE Paving,25413.86,80,317.67
EST5392652,EST5392652,2025-05-25T00:00:00+00:00,won,LE Tree Care,1876.95,13,144.38
EST5596813,EST5596813,2025-07-27T00:00:00+00:00,won,LE Irrigation,1586.58,16,99.16
EST5793652,EST5793652,2025-10-09T00:00:00+00:00,won,LE Tree Care,399.99,2,200.00
EST5584389,EST5584389,2025-07-22T00:00:00+00:00,won,LE Landscapes,687.87,4,171.97
EST5532324,EST5532324,2025-06-30T00:00:00+00:00,won,LE Tree Care,281.24,2,140.62
EST5724767,EST5724767,2025-09-17T00:00:00+00:00,won,LE Tree Care,574.72,4,143.68
EST5812890,EST5812890,2025-10-19T00:00:00+00:00,won,LE Irrigation,200,0,
EST5800936,EST5800936,2025-10-13T00:00:00+00:00,won,LE Paving,1860,1,1860.00
EST5457192,EST5457192,2025-06-09T00:00:00+00:00,won,LE Tree Care,406.01,3,135.34
EST5385842,EST5385842,2025-05-08T00:00:00+00:00,won,LE Paving,3888.89,0,
EST3061863,EST3061863,2025-03-26T00:00:00+00:00,won,LE Maintenance (Summer/Winter),17331,0,
EST5597227,EST5597227,2025-07-27T00:00:00+00:00,won,LE Irrigation,150,0,
EST5740010,EST5740010,2025-09-18T00:00:00+00:00,won,LE Irrigation,787.67,8,98.46
EST5458811,EST5458811,2025-06-15T00:00:00+00:00,won,LE Irrigation,3176.34,30,105.88
EST5391011,EST5391011,2025-06-01T00:00:00+00:00,won,LE Irrigation,5002.39,17,294.26
EST5800099,EST5800099,2025-10-23T00:00:00+00:00,won,LE Tree Care,399.99,3,133.33
EST3138995,EST3138995,2025-05-08T00:00:00+00:00,won,LE Maintenance (Summer/Winter),1334.96,0,
EST5422083,EST5422083,2025-05-21T00:00:00+00:00,won,LE Maintenance Enchancements,492.77,6,82.13
EST5519825,EST5519825,2025-10-13T00:00:00+00:00,won,LE Maintenance (Summer/Winter),196.18,1,196.18
EST5519884,EST5519884,2025-07-17T00:00:00+00:00,won,LE Maintenance Enchancements,404.07,6,67.34
EST3020916,EST3020916,2025-03-10T00:00:00+00:00,won,LE Maintenance (Summer/Winter),2533.84,0,
EST3020940,EST3020940,2025-03-11T00:00:00+00:00,won,LE Maintenance (Summer/Winter),4795.91,0,
EST3020854,EST3020854,2025-03-10T00:00:00+00:00,won,LE Maintenance (Summer/Winter),8969.16,0,
EST3020927,EST3020927,2025-03-11T00:00:00+00:00,won,LE Maintenance (Summer/Winter),4212.76,0,
EST3020900,EST3020900,2025-03-10T00:00:00+00:00,won,LE Maintenance (Summer/Winter),2077.52,0,
EST5815189,EST5815189,2025-10-20T00:00:00+00:00,won,LE Irrigation,3676.58,26,141.41
EST5751743,EST5751743,2025-09-23T00:00:00+00:00,won,LE Irrigation,1422.94,9,158.10
EST5490600,EST5490600,2025-06-15T00:00:00+00:00,won,LE Irrigation,4636.53,30,154.55
EST5490404,EST5490404,2025-06-15T00:00:00+00:00,won,LE Irrigation,4593.7,30,153.12
EST5487511,EST5487511,2025-06-19T00:00:00+00:00,won,LE Irrigation,2550.54,24,106.27
EST5818449,EST5818449,2025-10-21T00:00:00+00:00,won,LE Irrigation,150,0,
EST5712440,EST5712440,2025-09-08T00:00:00+00:00,won,LE Landscapes,300,2,150.00
EST5818502,EST5818502,2025-10-21T00:00:00+00:00,won,LE Irrigation,150,0,
EST5818332,EST5818332,2025-10-21T00:00:00+00:00,won,LE Irrigation,150,0,
EST5026881,EST5026881,2025-10-29T00:00:00+00:00,won,LE Maintenance Enchancements,342.12,2.5,136.85
EST5576063,EST5576063,2025-07-17T00:00:00+00:00,won,LE Irrigation,4951.08,36,137.53
EST5818490,EST5818490,2025-10-21T00:00:00+00:00,won,LE Irrigation,118,0,
EST5742611,EST5742611,2025-09-30T00:00:00+00:00,won,LE Paving,22042,50,440.84
EST5823939,EST5823939,2025-10-23T00:00:00+00:00,won,LE Tree Care,400.02,3,133.34
EST5825259,EST5825259,2025-10-23T00:00:00+00:00,won,LE Tree Care,2249.92,16,140.62
EST5761178,EST5761178,2025-10-13T00:00:00+00:00,won,LE Tree Care,6866.24,32,214.57
EST5825141,EST5825141,2025-10-26T00:00:00+00:00,won,LE Tree Care,5374.98,24,223.96
EST5818325,EST5818325,2025-10-21T00:00:00+00:00,won,LE Irrigation,150,0,
EST5374966,EST5374966,2025-05-11T00:00:00+00:00,won,LE Tree Care,399.99,2,200.00
EST5389839,EST5389839,2025-06-09T00:00:00+00:00,won,LE Tree Care,731.84,4,182.96
EST5455058,EST5455058,2025-06-04T00:00:00+00:00,won,LE Tree Care,405.99,2,203.00
EST5668779,EST5668779,2025-09-02T00:00:00+00:00,won,LE Paving,17444.18,60,290.74
EST5833516,EST5833516,2025-10-28T00:00:00+00:00,won,LE Irrigation,277.78,0,
EST3327355,EST3327355,2025-10-05T00:00:00+00:00,won,LE Maintenance (Summer/Winter),58625,25,2345.00
EST5450438,EST5450438,2025-06-30T00:00:00+00:00,won,LE Tree Care,2884,20,144.20
EST3316376,EST3316376,2025-09-29T00:00:00+00:00,won,LE Maintenance (Summer/Winter),48245,72,670.07
EST3296380,EST3296380,2025-09-16T00:00:00+00:00,won,LE Maintenance (Summer/Winter),4675.6,0,
EST3262019,EST3262019,2025-09-25T00:00:00+00:00,won,LE Maintenance (Summer/Winter),13870,76,182.50
EST2910833,EST2910833,2025-01-22T00:00:00+00:00,won,LE Maintenance (Summer/Winter),16409,0,
EST5484550,EST5484550,2025-06-12T00:00:00+00:00,won,LE Maintenance Enchancements,162.87,1,162.87
EST5483866,EST5483866,2025-06-24T00:00:00+00:00,won,LE Landscapes,1130.27,6,188.38
EST3296338,EST3296338,2025-09-16T00:00:00+00:00,won,LE Maintenance (Summer/Winter),14368.48,200,71.84
EST5421905,EST5421905,2025-05-21T00:00:00+00:00,won,LE Landscapes,1497.39,8,187.17
EST5383535,EST5383535,2025-06-12T00:00:00+00:00,won,LE Landscapes,12513.05,60,208.55
EST5839272,EST5839272,2025-10-30T00:00:00+00:00,won,LE Irrigation,277.78,0,
EST5838748,EST5838748,2025-11-12T00:00:00+00:00,won,LE Paving,6970.93,0,
EST5839262,EST5839262,2025-10-30T00:00:00+00:00,won,LE Irrigation,277.78,0,
EST5754383,EST5754383,2025-10-19T00:00:00+00:00,won,LE Paving,3118.84,1,3118.84
EST5391427,EST5391427,2025-05-11T00:00:00+00:00,won,LE Paving,6000,0,
EST4963249,EST4963249,2025-05-30T00:00:00+00:00,won,LE Paving,90522.8,210,431.06
EST5391399,EST5391399,2025-05-11T00:00:00+00:00,won,LE Paving,9800,0,
EST5391452,EST5391452,2025-05-11T00:00:00+00:00,won,LE Paving,4000,0,
EST5391301,EST5391301,2025-05-11T00:00:00+00:00,won,LE Paving,7460,0,
EST5391357,EST5391357,2025-05-11T00:00:00+00:00,won,LE Paving,7460,0,
EST5391392,EST5391392,2025-05-11T00:00:00+00:00,won,LE Paving,9800,0,
EST5391402,EST5391402,2025-05-11T00:00:00+00:00,won,LE Paving,9800,0,
EST5842176,EST5842176,2025-11-02T00:00:00+00:00,won,LE Irrigation,150,0,
EST5842140,EST5842140,2025-11-02T00:00:00+00:00,won,LE Irrigation,120,0,
EST5842019,EST5842019,2025-11-02T00:00:00+00:00,won,LE Irrigation,150,0,
EST5244425,EST5244425,2025-04-08T00:00:00+00:00,won,LE Maintenance Enchancements,4289.02,14,306.36
EST5844460,EST5844460,2025-11-03T00:00:00+00:00,won,LE Irrigation,120,0,
EST5430940,EST5430940,2025-05-22T00:00:00+00:00,won,LE Paving,9800,0,
EST5842065,EST5842065,2025-11-02T00:00:00+00:00,won,LE Irrigation,150,0,
EST5842110,EST5842110,2025-11-02T00:00:00+00:00,won,LE Irrigation,120,0,
EST5811543,EST5811543,2025-10-19T00:00:00+00:00,won,LE Paving,13410,1490,9.00
EST5118891,EST5118891,2025-05-22T00:00:00+00:00,won,LE Paving,7779.45,40,194.49
EST5566609,EST5566609,2025-07-16T00:00:00+00:00,won,LE Paving,8837.54,36,245.49
EST5641784,EST5641784,2025-08-12T00:00:00+00:00,won,LE Paving,1500,1,1500.00
EST5531960,EST5531960,2025-06-30T00:00:00+00:00,won,LE Paving,2700,0,
EST5650532,EST5650532,2025-08-14T00:00:00+00:00,won,LE Paving,1890,1,1890.00
EST5692384,EST5692384,2025-09-13T00:00:00+00:00,won,LE Paving,13298.33,30,443.28
EST5007016,EST5007016,2025-02-11T00:00:00+00:00,won,LE Paving,22684.35,40,567.11
EST5691848,EST5691848,2025-09-13T00:00:00+00:00,won,LE Paving,28531.57,90,317.02
EST5650533,EST5650533,2025-08-14T00:00:00+00:00,won,LE Paving,1620,1,1620.00
EST5169179,EST5169179,2025-07-13T00:00:00+00:00,won,LE Paving,18548.62,60,309.14
EST5627525,EST5627525,2025-09-22T00:00:00+00:00,won,LE Paving,49786.86,104,478.72
EST5637670,EST5637670,2025-08-11T00:00:00+00:00,won,LE Paving,3500,1,3500.00
EST4703602,EST4703602,2025-02-14T00:00:00+00:00,won,LE Paving,49840.51,170,293.18
EST5286319,EST5286319,2025-05-19T00:00:00+00:00,won,LE Irrigation,650,0,
EST5482071,EST5482071,2025-06-12T00:00:00+00:00,won,LE Paving,23750.6,80,296.88
EST3024363,EST3024363,2025-03-11T00:00:00+00:00,won,LE Maintenance (Summer/Winter),69250,0,
EST5512128,EST5512128,2025-06-23T00:00:00+00:00,won,LE Paving,4832.48,19,254.34
EST5510397,EST5510397,2025-06-23T00:00:00+00:00,won,LE Paving,10839.85,41.5,261.20
EST5512063,EST5512063,2025-06-23T00:00:00+00:00,won,LE Paving,5361.91,20,268.10
EST5469264,EST5469264,2025-06-09T00:00:00+00:00,won,LE Paving,7155.88,24,298.16
EST5469272,EST5469272,2025-06-09T00:00:00+00:00,won,LE Paving,10448.42,36,290.23
EST5158634,EST5158634,2025-03-16T00:00:00+00:00,won,LE Paving,160041.94,168,952.63
EST5369083,EST5369083,2025-05-11T00:00:00+00:00,won,LE Paving,7313.37,0,
EST5273362,EST5273362,2025-04-06T00:00:00+00:00,won,LE Paving,10755.49,13.5,796.70
EST5469253,EST5469253,2025-06-09T00:00:00+00:00,won,LE Paving,8820.45,30,294.02
EST5382888,EST5382888,2025-08-07T00:00:00+00:00,won,LE Paving,11622.27,26,447.01
EST5383133,EST5383133,2025-07-13T00:00:00+00:00,won,LE Paving,14214.14,45,315.87
EST5560639,EST5560639,2025-07-13T00:00:00+00:00,won,LE Paving,4825.58,0,
EST5575862,EST5575862,2025-07-17T00:00:00+00:00,won,LE Tree Care,586.92,4,146.73
EST5594440,EST5594440,2025-07-24T00:00:00+00:00,won,LE Paving,1737.22,10,173.72
EST5515178,EST5515178,2025-07-17T00:00:00+00:00,won,LE Maintenance (Summer/Winter),1140.98,7,163.00
EST5518860,EST5518860,2025-06-24T00:00:00+00:00,won,LE Paving,9409.38,36,261.37
EST5529342,EST5529342,2025-07-16T00:00:00+00:00,won,LE Paving,6205.86,12,517.15
EST5570287,EST5570287,2025-07-16T00:00:00+00:00,won,LE Paving,5965.52,12,497.13
EST5712950,EST5712950,2025-09-10T00:00:00+00:00,won,LE Paving,3625.75,18,201.43
EST5720408,EST5720408,2025-09-16T00:00:00+00:00,won,LE Paving,6359.97,28,227.14
EST5720417,EST5720417,2025-09-11T00:00:00+00:00,won,LE Paving,4845.48,20,242.27
EST5672896,EST5672896,2025-09-03T00:00:00+00:00,won,LE Paving,979.99,1,979.99
EST1396079,EST1396079,2025-10-21T00:00:00+00:00,won,LE Maintenance (Summer/Winter),8600,65.2,131.90
EST5432450,EST5432450,2025-05-25T00:00:00+00:00,won,LE Irrigation,1855.44,16,115.97
EST5294292,EST5294292,2025-04-10T00:00:00+00:00,won,LE Paving,1150,0,
EST3040007,EST3040007,2025-03-17T00:00:00+00:00,won,LE Maintenance (Summer/Winter),8355.06,0,
EST5337942,EST5337942,2025-04-24T00:00:00+00:00,won,LE Paving,750,0,
EST5450652,EST5450652,2025-06-01T00:00:00+00:00,won,LE Irrigation,125,0,
EST5337894,EST5337894,2025-07-13T00:00:00+00:00,won,LE Paving,750,0,
EST3107523,EST3107523,2025-04-20T00:00:00+00:00,won,LE Maintenance (Summer/Winter),3096.03,0,
EST3254442,EST3254442,2025-10-21T00:00:00+00:00,won,LE Maintenance (Summer/Winter),43260.01,204.5,211.54
EST3253987,EST3253987,2025-09-28T00:00:00+00:00,won,LE Maintenance (Summer/Winter),13915,5,2783.00
EST3254049,EST3254049,2025-09-28T00:00:00+00:00,won,LE Maintenance (Summer/Winter),36065,104.9,343.80
EST3253968,EST3253968,2025-09-28T00:00:00+00:00,won,LE Maintenance (Summer/Winter),29975,25,1199.00
EST3253941,EST3253941,2025-09-28T00:00:00+00:00,won,LE Maintenance (Summer/Winter),25445,15,1696.33
EST5673890,EST5673890,2025-11-11T00:00:00+00:00,won,LE Tree Care,917.04,6,152.84
EST5851245,EST5851245,2025-11-15T00:00:00+00:00,won,LE Tree Care,2501.56,14,178.68
EST5739998,EST5739998,2025-09-18T00:00:00+00:00,won,LE Irrigation,222.22,0,
EST5701705,EST5701705,2025-11-19T00:00:00+00:00,won,LE Tree Care,6365.92,28.5,223.37
EST3254500,EST3254500,2025-08-21T00:00:00+00:00,won,LE Maintenance (Summer/Winter),6775,15,451.67
EST5859867,EST5859867,2025-11-11T00:00:00+00:00,won,LE Tree Care,7200,16,450.00
EST5724597,EST5724597,2025-09-14T00:00:00+00:00,won,LE Tree Care,562.48,4,140.62
EST5491064,EST5491064,2025-06-15T00:00:00+00:00,won,LE Irrigation,1268.22,12,105.69
EST5724941,EST5724941,2025-09-18T00:00:00+00:00,won,LE Irrigation,6439.1,32,201.22
EST5868919,EST5868919,2025-11-17T00:00:00+00:00,won,LE Tree Care,1079.1,7.5,143.88
EST5869159,EST5869159,2025-11-16T00:00:00+00:00,won,LE Irrigation,527.17,4,131.79
EST5118321,EST5118321,2025-07-13T00:00:00+00:00,won,LE Paving,20068.24,42,477.82
EST5427739,EST5427739,2025-06-19T00:00:00+00:00,won,LE Paving,6849.53,53.5,128.03
EST3019752,EST3019752,2025-03-10T00:00:00+00:00,won,LE Maintenance (Summer/Winter),1250.02,0,
EST5208761,EST5208761,2025-03-20T00:00:00+00:00,won,LE Maintenance Enchancements,59100,1920,30.78
EST5873326,EST5873326,2025-11-19T00:00:00+00:00,won,LE Tree Care,562.48,4,140.62
EST5451941,EST5451941,2025-06-01T00:00:00+00:00,won,LE Irrigation,1166.74,10,116.67
EST5868703,EST5868703,2025-11-17T00:00:00+00:00,won,LE Tree Care,1033.23,7,147.60
EST5771915,EST5771915,2025-10-19T00:00:00+00:00,won,LE Landscapes,4088.96,16,255.56
EST2902249,EST2902249,2025-01-30T00:00:00+00:00,won,LE Maintenance (Summer/Winter),35294.25,105,336.14
EST5618694,EST5618694,2025-08-04T00:00:00+00:00,won,LE Irrigation,2411.26,12,200.94
EST5310039,EST5310039,2025-07-24T00:00:00+00:00,won,LE Tree Care,1086.56,8,135.82
EST5883387,EST5883387,2025-11-24T00:00:00+00:00,won,LE Tree Care,828.64,6,138.11
EST5618719,EST5618719,2025-08-04T00:00:00+00:00,won,LE Irrigation,1170.83,12,97.57
EST5641070,EST5641070,2025-08-12T00:00:00+00:00,won,LE Irrigation,4984.6,60,83.08
EST5810265,EST5810265,2025-10-19T00:00:00+00:00,won,LE Landscapes,7118.55,16,444.91
EST5872593,EST5872593,2025-11-18T00:00:00+00:00,won,LE Irrigation,832.11,8,104.01
EST5692887,EST5692887,2025-09-03T00:00:00+00:00,won,LE Landscapes,6766.56,18,375.92
EST5871510,EST5871510,2025-11-18T00:00:00+00:00,won,LE Tree Care,1008.79,7,144.11
EST5173848,EST5173848,2025-05-14T00:00:00+00:00,won,LE Paving,57558.92,15,3837.26
EST5522637,EST5522637,2025-08-03T00:00:00+00:00,won,LE Tree Care,709.12,4,177.28
EST3074200,EST3074200,2025-05-04T00:00:00+00:00,won,LE Maintenance (Summer/Winter),4361.15,0,
EST5255481,EST5255481,2025-04-01T00:00:00+00:00,won,LE Tree Care,300.01,1.5,200.01
EST3074206,EST3074206,2025-04-01T00:00:00+00:00,won,LE Maintenance (Summer/Winter),24122.84,105,229.74
EST3074215,EST3074215,2025-04-01T00:00:00+00:00,won,LE Maintenance (Summer/Winter),48246.71,105,459.49
EST5451038,EST5451038,2025-06-01T00:00:00+00:00,won,LE Irrigation,300,0,
EST5519939,EST5519939,2025-08-05T00:00:00+00:00,won,LE Landscapes,3437.4,16.5,208.33
EST5451009,EST5451009,2025-06-01T00:00:00+00:00,won,LE Irrigation,300,0,
EST5520120,EST5520120,2025-07-29T00:00:00+00:00,won,LE Landscapes,937.21,6.5,144.19
EST5519956,EST5519956,2025-08-05T00:00:00+00:00,won,LE Landscapes,2964.89,12,247.07
EST5520033,EST5520033,2025-07-29T00:00:00+00:00,won,LE Landscapes,937.21,6.5,144.19
EST5451022,EST5451022,2025-06-01T00:00:00+00:00,won,LE Irrigation,300,0,
EST5519978,EST5519978,2025-08-05T00:00:00+00:00,won,LE Landscapes,4015.62,15.5,259.07
EST5520036,EST5520036,2025-07-29T00:00:00+00:00,won,LE Landscapes,7664.36,29,264.29
EST5455928,EST5455928,2025-06-12T00:00:00+00:00,won,LE Landscapes,88385.77,324,272.80
EST3074133,EST3074133,2025-04-01T00:00:00+00:00,won,LE Maintenance (Summer/Winter),13083.4,0,
EST3074173,EST3074173,2025-04-01T00:00:00+00:00,won,LE Maintenance (Summer/Winter),24122.84,105,229.74
EST5656743,EST5656743,2025-08-19T00:00:00+00:00,won,LE Irrigation,1666.67,12,138.89
EST5520114,EST5520114,2025-07-29T00:00:00+00:00,won,LE Landscapes,10455.2,53.5,195.42
EST3202040,EST3202040,2025-07-09T00:00:00+00:00,won,LE Maintenance (Summer/Winter),132453.18,106,1249.56
EST3199897,EST3199897,2025-07-08T00:00:00+00:00,won,LE Maintenance (Summer/Winter),82464.21,106,777.96
EST3202788,EST3202788,2025-07-10T00:00:00+00:00,won,LE Maintenance (Summer/Winter),71265.59,111,642.03
EST3202086,EST3202086,2025-07-09T00:00:00+00:00,won,LE Maintenance (Summer/Winter),71265.59,111,642.03
EST3202017,EST3202017,2025-07-09T00:00:00+00:00,won,LE Maintenance (Summer/Winter),44283.27,106,417.77
EST3201996,EST3201996,2025-07-09T00:00:00+00:00,won,LE Maintenance (Summer/Winter),48599.34,106,458.48
EST3202076,EST3202076,2025-07-09T00:00:00+00:00,won,LE Maintenance (Summer/Winter),76081.35,106,717.75
EST3201969,EST3201969,2025-07-09T00:00:00+00:00,won,LE Maintenance (Summer/Winter),124118.19,106,1170.93
EST3202037,EST3202037,2025-07-09T00:00:00+00:00,won,LE Maintenance (Summer/Winter),63402.96,106,598.14
EST3202079,EST3202079,2025-07-09T00:00:00+00:00,won,LE Maintenance (Summer/Winter),132443.55,106,1249.47
EST3203216,EST3203216,2025-07-10T00:00:00+00:00,won,LE Maintenance (Summer/Winter),71265.59,111,642.03
EST3203218,EST3203218,2025-07-10T00:00:00+00:00,won,LE Maintenance (Summer/Winter),71265.59,111,642.03
EST3203217,EST3203217,2025-07-10T00:00:00+00:00,won,LE Maintenance (Summer/Winter),71265.59,111,642.03
EST3395122,EST3395122,2025-11-19T00:00:00+00:00,won,LE Maintenance (Summer/Winter),49296.94,106,465.07
EST5625253,EST5625253,2025-08-05T00:00:00+00:00,won,LE Landscapes,4037.65,17,237.51
EST5605685,EST5605685,2025-07-29T00:00:00+00:00,won,LE Landscapes,7023.87,23.5,298.89
EST3396183,EST3396183,2025-11-19T00:00:00+00:00,won,LE Maintenance (Summer/Winter),27835.54,106,262.60
EST5605665,EST5605665,2025-07-29T00:00:00+00:00,won,LE Landscapes,12512.46,46,272.01
EST3395126,EST3395126,2025-11-19T00:00:00+00:00,won,LE Maintenance (Summer/Winter),27835.54,106,262.60
EST3396170,EST3396170,2025-11-19T00:00:00+00:00,won,LE Maintenance (Summer/Winter),27835.54,106,262.60
EST5688130,EST5688130,2025-09-15T00:00:00+00:00,won,LE Paving,30040.23,115,261.22
EST5625207,EST5625207,2025-08-05T00:00:00+00:00,won,LE Landscapes,3999.81,12,333.32
EST5025582,EST5025582,2025-02-27T00:00:00+00:00,won,LE Paving,35008.22,78,448.82
EST5656880,EST5656880,2025-08-19T00:00:00+00:00,won,LE Irrigation,1768.89,12,147.41
EST5369155,EST5369155,2025-05-04T00:00:00+00:00,won,LE Irrigation,222.22,0,
EST5369166,EST5369166,2025-05-04T00:00:00+00:00,won,LE Irrigation,200,0,
EST5369143,EST5369143,2025-05-04T00:00:00+00:00,won,LE Irrigation,600,0,
EST5571932,EST5571932,2025-07-17T00:00:00+00:00,won,LE Irrigation,1733.63,16,108.35
EST5517604,EST5517604,2025-07-06T00:00:00+00:00,won,LE Irrigation,1195.66,12,99.64
EST5432033,EST5432033,2025-06-01T00:00:00+00:00,won,LE Irrigation,4321.92,32,135.06
EST5407675,EST5407675,2025-06-01T00:00:00+00:00,won,LE Irrigation,1000,0,
EST5640774,EST5640774,2025-08-12T00:00:00+00:00,won,LE Irrigation,721,8,90.13
EST5571956,EST5571956,2025-07-17T00:00:00+00:00,won,LE Irrigation,1563,14,111.64
EST5390467,EST5390467,2025-05-11T00:00:00+00:00,won,LE Irrigation,500,0,
EST3019818,EST3019818,2025-03-10T00:00:00+00:00,won,LE Maintenance (Summer/Winter),2408.7,0,
EST5453450,EST5453450,2025-06-12T00:00:00+00:00,won,LE Tree Care,1082.11,7,154.59
EST3039587,EST3039587,2025-03-17T00:00:00+00:00,won,LE Maintenance (Summer/Winter),6720.1,0,
EST3039586,EST3039586,2025-03-17T00:00:00+00:00,won,LE Maintenance (Summer/Winter),6668.26,0,
EST3039584,EST3039584,2025-03-17T00:00:00+00:00,won,LE Maintenance (Summer/Winter),5530.43,0,
EST5486960,EST5486960,2025-06-12T00:00:00+00:00,won,LE Irrigation,222.22,0,
EST3039582,EST3039582,2025-03-17T00:00:00+00:00,won,LE Maintenance (Summer/Winter),5756.63,0,
EST3039585,EST3039585,2025-03-17T00:00:00+00:00,won,LE Maintenance (Summer/Winter),15850.8,0,
EST3039583,EST3039583,2025-03-17T00:00:00+00:00,won,LE Maintenance (Summer/Winter),15150.15,0,
EST3351938,EST3351938,2025-10-21T00:00:00+00:00,won,LE Maintenance (Summer/Winter),16479.33,50,329.59
EST3259698,EST3259698,2025-09-23T00:00:00+00:00,won,LE Maintenance (Summer/Winter),17075,15,1138.33
EST3259706,EST3259706,2025-09-23T00:00:00+00:00,won,LE Maintenance (Summer/Winter),21045,15,1403.00
EST3259705,EST3259705,2025-09-23T00:00:00+00:00,won,LE Maintenance (Summer/Winter),21185,15,1412.33
EST5661042,EST5661042,2025-09-18T00:00:00+00:00,won,Line Painting,693,0,
EST3259613,EST3259613,2025-09-23T00:00:00+00:00,won,LE Maintenance (Summer/Winter),17585,15,1172.33
EST3259701,EST3259701,2025-09-23T00:00:00+00:00,won,LE Maintenance (Summer/Winter),17605,15,1173.67
EST3259710,EST3259710,2025-09-23T00:00:00+00:00,won,LE Maintenance (Summer/Winter),20695,15,1379.67
EST3019378,EST3019378,2025-03-10T00:00:00+00:00,won,LE Maintenance (Summer/Winter),15379.72,105,146.47
EST5504597,EST5504597,2025-06-22T00:00:00+00:00,won,LE Landscapes,2120.15,6,353.36
EST3018725,EST3018725,2025-03-10T00:00:00+00:00,won,LE Maintenance (Summer/Winter),30429.01,15,2028.60
EST3018860,EST3018860,2025-03-10T00:00:00+00:00,won,LE Maintenance (Summer/Winter),29222.14,15,1948.14
EST3221615,EST3221615,2025-07-29T00:00:00+00:00,won,LE Maintenance (Summer/Winter),169525.18,105,1614.53
EST5630949,EST5630949,2025-08-07T00:00:00+00:00,won,LE Paving,4488.6,0,
EST3019672,EST3019672,2025-03-10T00:00:00+00:00,won,LE Maintenance (Summer/Winter),73702.85,25,2948.11
EST5430416,EST5430416,2025-07-06T00:00:00+00:00,won,LE Tree Care,4108.44,28,146.73
EST5691810,EST5691810,2025-09-07T00:00:00+00:00,won,LE Tree Care,892.6,6,148.77
EST5409285,EST5409285,2025-05-22T00:00:00+00:00,won,LE Tree Care,2537.19,17,149.25
EST3019708,EST3019708,2025-03-10T00:00:00+00:00,won,LE Maintenance (Summer/Winter),52424.83,25,2096.99
EST5640650,EST5640650,2025-09-02T00:00:00+00:00,won,LE Tree Care,1287.5,8,160.94
EST5406115,EST5406115,2025-09-07T00:00:00+00:00,won,LE Tree Care,3473.93,22.5,154.40
EST5392434,EST5392434,2025-06-09T00:00:00+00:00,won,LE Landscapes,5171.25,5,1034.25
EST3021391,EST3021391,2025-03-10T00:00:00+00:00,won,LE Maintenance (Summer/Winter),7115.09,5,1423.02
EST5365122,EST5365122,2025-05-11T00:00:00+00:00,won,LE Tree Care,4117.48,21,196.07
EST3021281,EST3021281,2025-03-10T00:00:00+00:00,won,LE Maintenance (Summer/Winter),4829.02,5,965.80
EST3021199,EST3021199,2025-03-10T00:00:00+00:00,won,LE Maintenance (Summer/Winter),6461.02,15,430.73
EST3021276,EST3021276,2025-03-10T00:00:00+00:00,won,LE Maintenance (Summer/Winter),7817.02,5,1563.40
EST4884997,EST4884997,2025-07-06T00:00:00+00:00,won,LE Tree Care,2059.44,16,128.72
EST3021236,EST3021236,2025-03-10T00:00:00+00:00,won,LE Maintenance (Summer/Winter),4829.02,5,965.80
EST3021300,EST3021300,2025-03-10T00:00:00+00:00,won,LE Maintenance (Summer/Winter),5387.02,5,1077.40
EST5034415,EST5034415,2025-04-02T00:00:00+00:00,won,LE Paving,2934.12,20,146.71
EST3021325,EST3021325,2025-03-10T00:00:00+00:00,won,LE Maintenance (Summer/Winter),5765.02,5,1153.00
EST3021265,EST3021265,2025-03-10T00:00:00+00:00,won,LE Maintenance (Summer/Winter),5525.02,5,1105.00
EST3021412,EST3021412,2025-03-10T00:00:00+00:00,won,LE Maintenance (Summer/Winter),8160.09,5,1632.02
EST3021364,EST3021364,2025-03-10T00:00:00+00:00,won,LE Maintenance (Summer/Winter),21895.61,5,4379.12
EST3021382,EST3021382,2025-03-10T00:00:00+00:00,won,LE Maintenance (Summer/Winter),7377.8,5,1475.56
EST3021293,EST3021293,2025-03-10T00:00:00+00:00,won,LE Maintenance (Summer/Winter),2824.9,5,564.98
EST5558159,EST5558159,2025-07-17T00:00:00+00:00,won,LE Maintenance Enchancements,363.16,4,90.79
EST5488987,EST5488987,2025-06-15T00:00:00+00:00,won,LE Maintenance Enchancements,737.1,12,61.43
EST5557169,EST5557169,2025-07-13T00:00:00+00:00,won,LE Tree Care,1384.78,9.5,145.77
EST3031309,EST3031309,2025-03-13T00:00:00+00:00,won,LE Maintenance (Summer/Winter),2909.65,5,581.93
EST3031308,EST3031308,2025-03-13T00:00:00+00:00,won,LE Maintenance (Summer/Winter),4973.89,5,994.78
EST3031310,EST3031310,2025-03-13T00:00:00+00:00,won,LE Maintenance (Summer/Winter),5548.63,5,1109.73
EST3031311,EST3031311,2025-03-13T00:00:00+00:00,won,LE Maintenance (Summer/Winter),5937.97,5,1187.59
EST3324213,EST3324213,2025-10-14T00:00:00+00:00,won,LE Maintenance (Summer/Winter),46770,25,1870.80
EST3031312,EST3031312,2025-03-13T00:00:00+00:00,won,LE Maintenance (Summer/Winter),22552.48,5,4510.50
EST3031307,EST3031307,2025-03-13T00:00:00+00:00,won,LE Maintenance (Summer/Winter),8051.53,5,1610.31
EST3253021,EST3253021,2025-09-28T00:00:00+00:00,won,LE Maintenance (Summer/Winter),10225,5,2045.00
EST3031303,EST3031303,2025-03-13T00:00:00+00:00,won,LE Maintenance (Summer/Winter),8404.89,5,1680.98
EST3019326,EST3019326,2025-03-10T00:00:00+00:00,won,LE Maintenance (Summer/Winter),26855.26,15,1790.35
EST3031302,EST3031302,2025-03-13T00:00:00+00:00,won,LE Maintenance (Summer/Winter),7328.54,5,1465.71
EST5477979,EST5477979,2025-06-10T00:00:00+00:00,won,LE Tree Care,701.5,4.5,155.89
EST3031306,EST3031306,2025-03-13T00:00:00+00:00,won,LE Maintenance (Summer/Winter),5690.77,5,1138.15
EST3031305,EST3031305,2025-03-13T00:00:00+00:00,won,LE Maintenance (Summer/Winter),4973.89,5,994.78
EST3031304,EST3031304,2025-03-13T00:00:00+00:00,won,LE Maintenance (Summer/Winter),6654.85,15,443.66
EST3031301,EST3031301,2025-03-13T00:00:00+00:00,won,LE Maintenance (Summer/Winter),7599.13,5,1519.83
EST3019301,EST3019301,2025-03-10T00:00:00+00:00,won,LE Maintenance (Summer/Winter),39099.07,105,372.37
EST5450986,EST5450986,2025-06-01T00:00:00+00:00,won,LE Irrigation,150,0,
EST3016416,EST3016416,2025-03-10T00:00:00+00:00,won,LE Maintenance (Summer/Winter),43149.97,105,410.95
EST5402163,EST5402163,2025-06-12T00:00:00+00:00,won,LE Landscapes,13584.3,28,485.15
EST3019291,EST3019291,2025-03-10T00:00:00+00:00,won,LE Maintenance (Summer/Winter),23332.64,15,1555.51
EST5512278,EST5512278,2025-06-22T00:00:00+00:00,won,LE Tree Care,350,2,175.00
EST5726233,EST5726233,2025-09-17T00:00:00+00:00,won,LE Tree Care,2558.62,17.5,146.21
EST3019214,EST3019214,2025-03-10T00:00:00+00:00,won,LE Maintenance (Summer/Winter),10698.02,0,
EST5540321,EST5540321,2025-07-22T00:00:00+00:00,won,LE Landscapes,2874.23,15,191.62
EST3019252,EST3019252,2025-03-10T00:00:00+00:00,won,LE Maintenance (Summer/Winter),11018.96,0,
EST3019267,EST3019267,2025-03-10T00:00:00+00:00,won,LE Maintenance (Summer/Winter),29883.05,105,284.60
EST5513905,EST5513905,2025-07-23T00:00:00+00:00,won,LE Paving,7295.12,36,202.64
EST3019118,EST3019118,2025-03-10T00:00:00+00:00,won,LE Maintenance (Summer/Winter),19666.88,15,1311.13
EST5660637,EST5660637,2025-08-19T00:00:00+00:00,won,Line Painting,770,0,
EST3018985,EST3018985,2025-03-10T00:00:00+00:00,won,LE Maintenance (Summer/Winter),18568.52,15,1237.90
EST5480554,EST5480554,2025-08-05T00:00:00+00:00,won,LE Landscapes,9823.75,42,233.90
EST3018996,EST3018996,2025-03-10T00:00:00+00:00,won,LE Maintenance (Summer/Winter),19094.06,15,1272.94
EST3018919,EST3018919,2025-03-10T00:00:00+00:00,won,LE Maintenance (Summer/Winter),18027.69,15,1201.85
EST3018881,EST3018881,2025-03-10T00:00:00+00:00,won,LE Maintenance (Summer/Winter),15145.13,5,3029.03
EST5157586,EST5157586,2025-03-18T00:00:00+00:00,won,LE Tree Care,2154.55,16,134.66
EST4802410,EST4802410,2025-03-18T00:00:00+00:00,won,LE Irrigation,2348.73,10,234.87
EST5017272,EST5017272,2025-05-13T00:00:00+00:00,won,LE Paving,3798.37,4,949.59
EST2401067,EST2401067,2025-02-28T00:00:00+00:00,won,LE Maintenance (Summer/Winter),29354.53,60,489.24
EST5160526,EST5160526,2025-03-18T00:00:00+00:00,won,LE Tree Care,2038.56,15.5,131.52
EST3045351,EST3045351,2025-03-20T00:00:00+00:00,won,LE Maintenance (Summer/Winter),20131.96,15,1342.13
EST2402266,EST2402266,2025-02-28T00:00:00+00:00,won,LE Maintenance (Summer/Winter),19560.72,60,326.01
EST5233369,EST5233369,2025-04-06T00:00:00+00:00,won,LE Irrigation,1262.48,10,126.25
EST3024806,EST3024806,2025-03-11T00:00:00+00:00,won,LE Maintenance (Summer/Winter),16998.49,60,283.31
EST5235901,EST5235901,2025-04-27T00:00:00+00:00,won,LE Landscapes,119736.65,260,460.53
EST5160490,EST5160490,2025-11-05T00:00:00+00:00,won,LE Tree Care,1157.21,8,144.65
EST2400936,EST2400936,2025-03-11T00:00:00+00:00,won,LE Maintenance (Summer/Winter),18939.56,60,315.66
EST2402277,EST2402277,2025-02-28T00:00:00+00:00,won,LE Maintenance (Summer/Winter),103144.06,60,1719.07
EST5240176,EST5240176,2025-04-25T00:00:00+00:00,won,LE Paving,10605.42,40,265.14
EST5289846,EST5289846,2025-04-14T00:00:00+00:00,won,LE Landscapes,1141.07,6.25,182.57
EST5290168,EST5290168,2025-04-14T00:00:00+00:00,won,LE Landscapes,1141.07,6.25,182.57
EST5285964,EST5285964,2025-05-01T00:00:00+00:00,won,LE Landscapes,976.41,6,162.73
EST5381160,EST5381160,2025-05-19T00:00:00+00:00,won,LE Landscapes,2426.12,11,220.56
EST5303778,EST5303778,2025-06-12T00:00:00+00:00,won,LE Landscapes,8998.89,40,224.97
EST5455129,EST5455129,2025-06-19T00:00:00+00:00,won,LE Tree Care,4038.41,19,212.55
EST5367993,EST5367993,2025-05-07T00:00:00+00:00,won,LE Irrigation,948.69,8.5,111.61
EST5294895,EST5294895,2025-05-13T00:00:00+00:00,won,LE Paving,30839.5,108,285.55
EST5381757,EST5381757,2025-05-19T00:00:00+00:00,won,LE Landscapes,760.42,4,190.10
EST5357657,EST5357657,2025-04-30T00:00:00+00:00,won,LE Tree Care,278.95,2,139.47
EST5291484,EST5291484,2025-05-13T00:00:00+00:00,won,LE Paving,17564.53,57,308.15
EST5302698,EST5302698,2025-05-01T00:00:00+00:00,won,LE Landscapes,2914.16,12,242.85
EST5336399,EST5336399,2025-05-13T00:00:00+00:00,won,LE Paving,3640.73,6,606.79
EST5290174,EST5290174,2025-04-14T00:00:00+00:00,won,LE Landscapes,1141.07,6.25,182.57
EST5290180,EST5290180,2025-04-14T00:00:00+00:00,won,LE Landscapes,1141.07,6.25,182.57
EST5290167,EST5290167,2025-04-14T00:00:00+00:00,won,LE Landscapes,1141.07,6.25,182.57
EST5292025,EST5292025,2025-05-13T00:00:00+00:00,won,LE Paving,19269.99,39,494.10
EST5294423,EST5294423,2025-05-13T00:00:00+00:00,won,LE Paving,21288.11,16,1330.51
EST5292011,EST5292011,2025-07-15T00:00:00+00:00,won,LE Paving,25966.69,18,1442.59
EST5619261,EST5619261,2025-08-07T00:00:00+00:00,won,LE Irrigation,1463.68,14,104.55
EST5668938,EST5668938,2025-09-07T00:00:00+00:00,won,LE Tree Care,2599.87,17,152.93
EST5542862,EST5542862,2025-07-17T00:00:00+00:00,won,LE Irrigation,3143.05,20,157.15
EST5520052,EST5520052,2025-06-29T00:00:00+00:00,won,LE Maintenance Enchancements,316.82,4.5,70.40
EST5619227,EST5619227,2025-08-07T00:00:00+00:00,won,LE Irrigation,1647.69,16,102.98
EST5631546,EST5631546,2025-08-14T00:00:00+00:00,won,LE Maintenance Enchancements,503.71,7,71.96
EST5612108,EST5612108,2025-08-20T00:00:00+00:00,won,LE Maintenance (Summer/Winter),5188.83,21,247.09
EST5819335,EST5819335,2025-10-23T00:00:00+00:00,won,LE Tree Care,1034.98,7,147.85
EST5630253,EST5630253,2025-08-24T00:00:00+00:00,won,LE Irrigation,1248.17,12,104.01
EST5522154,EST5522154,2025-07-10T00:00:00+00:00,won,LE Tree Care,1060.12,7.5,141.35
EST5873540,EST5873540,2025-11-19T00:00:00+00:00,won,LE Tree Care,434.09,3,144.70
EST5490863,EST5490863,2025-06-15T00:00:00+00:00,won,LE Landscapes,735,1,735.00
EST5634121,EST5634121,2025-08-11T00:00:00+00:00,won,LE Irrigation,2777.78,16,173.61
EST5556863,EST5556863,2025-07-10T00:00:00+00:00,won,LE Tree Care,1479.52,10,147.95
EST5560199,EST5560199,2025-08-11T00:00:00+00:00,won,LE Paving,2626.41,0,
EST5731630,EST5731630,2025-09-17T00:00:00+00:00,won,LE Tree Care,2012.14,9.5,211.80
EST5847461,EST5847461,2025-11-04T00:00:00+00:00,won,LE Irrigation,400,0,
EST5718643,EST5718643,2025-10-19T00:00:00+00:00,won,LE Landscapes,17110.58,60,285.18
EST3047281,EST3047281,2025-03-20T00:00:00+00:00,won,LE Maintenance (Summer/Winter),21894.67,40,547.37
EST5887341,EST5887341,2025-11-30T00:00:00+00:00,won,LE Maintenance Enchancements,635,4,158.75
EST3296151,EST3296151,2025-09-16T00:00:00+00:00,won,LE Maintenance (Summer/Winter),49963.68,25,1998.55
EST3019558,EST3019558,2025-03-10T00:00:00+00:00,won,LE Maintenance (Summer/Winter),28235.26,15,1882.35
EST5436862,EST5436862,2025-05-27T00:00:00+00:00,won,LE Landscapes,4822.64,16,301.42
EST5510871,EST5510871,2025-06-22T00:00:00+00:00,won,LE Maintenance Enchancements,783.87,6,130.65
EST3019650,EST3019650,2025-03-10T00:00:00+00:00,won,LE Maintenance (Summer/Winter),33253.82,105,316.70
EST5588992,EST5588992,2025-07-24T00:00:00+00:00,won,LE Landscapes,378.69,2,189.34
EST4548181,EST4548181,2025-06-08T00:00:00+00:00,won,LE Paving,4667.11,0,
EST2941123,EST2941123,2025-02-04T00:00:00+00:00,won,LE Maintenance (Summer/Winter),46041.68,15,3069.45
EST3039936,EST3039936,2025-03-17T00:00:00+00:00,won,LE Maintenance (Summer/Winter),7892.63,0,
EST3039913,EST3039913,2025-03-17T00:00:00+00:00,won,LE Maintenance (Summer/Winter),7918.97,0,
EST2941298,EST2941298,2025-10-21T00:00:00+00:00,won,LE Maintenance (Summer/Winter),31652.82,15,2110.19
EST3039968,EST3039968,2025-03-17T00:00:00+00:00,won,LE Maintenance (Summer/Winter),5983.63,0,
EST4882212,EST4882212,2025-02-24T00:00:00+00:00,won,LE Paving,19687.82,40,492.20
EST2941219,EST2941219,2025-10-21T00:00:00+00:00,won,LE Maintenance (Summer/Winter),51906.79,15,3460.45
EST3039952,EST3039952,2025-03-17T00:00:00+00:00,won,LE Maintenance (Summer/Winter),10884.88,0,
EST5192331,EST5192331,2025-04-07T00:00:00+00:00,won,LE Paving,3903.85,0,
EST2941162,EST2941162,2025-03-23T00:00:00+00:00,won,LE Maintenance (Summer/Winter),40907.55,15,2727.17
EST5312669,EST5312669,2025-06-12T00:00:00+00:00,won,LE Landscapes,5549.2,31,179.01
EST5302563,EST5302563,2025-04-14T00:00:00+00:00,won,LE Landscapes,1546.09,8,193.26
EST3100921,EST3100921,2025-04-15T00:00:00+00:00,won,LE Maintenance (Summer/Winter),3700.08,0,
EST5312679,EST5312679,2025-06-12T00:00:00+00:00,won,LE Landscapes,8814.75,52,169.51
EST5297990,EST5297990,2025-10-09T00:00:00+00:00,won,LE Tree Care,779.76,6,129.96
EST5312673,EST5312673,2025-06-12T00:00:00+00:00,won,LE Landscapes,5001.62,34,147.11
EST5312663,EST5312663,2025-06-12T00:00:00+00:00,won,LE Landscapes,1203.2,4,300.80
EST5312659,EST5312659,2025-06-12T00:00:00+00:00,won,LE Landscapes,1513.15,10,151.31
EST5450894,EST5450894,2025-06-01T00:00:00+00:00,won,LE Irrigation,200,0,
EST5459545,EST5459545,2025-07-15T00:00:00+00:00,won,LE Paving,5340.1,18,296.67
EST5459454,EST5459454,2025-07-15T00:00:00+00:00,won,LE Paving,3952.4,9,439.16
EST5450786,EST5450786,2025-06-01T00:00:00+00:00,won,LE Irrigation,200,0,
EST5450825,EST5450825,2025-06-01T00:00:00+00:00,won,LE Irrigation,200,0,
EST5359566,EST5359566,2025-05-15T00:00:00+00:00,won,LE Paving,4370.28,9,485.59
EST5450910,EST5450910,2025-06-01T00:00:00+00:00,won,LE Irrigation,450,0,
EST5450709,EST5450709,2025-06-01T00:00:00+00:00,won,LE Irrigation,200,0,
EST5450877,EST5450877,2025-06-01T00:00:00+00:00,won,LE Irrigation,200,0,
EST5450765,EST5450765,2025-06-01T00:00:00+00:00,won,LE Irrigation,200,0,
EST5450735,EST5450735,2025-06-01T00:00:00+00:00,won,LE Irrigation,200,0,
EST5459506,EST5459506,2025-07-15T00:00:00+00:00,won,LE Paving,5526.74,18,307.04
EST5359130,EST5359130,2025-06-15T00:00:00+00:00,won,LE Paving,13223.34,78,169.53
EST5635794,EST5635794,2025-09-07T00:00:00+00:00,won,LE Irrigation,832.11,8,104.01
EST5635826,EST5635826,2025-09-07T00:00:00+00:00,won,LE Irrigation,651.86,6,108.64
EST5635620,EST5635620,2025-08-17T00:00:00+00:00,won,LE Irrigation,1464.82,12,122.07
EST5618876,EST5618876,2025-08-07T00:00:00+00:00,won,LE Irrigation,1636.24,16,102.27
EST5635750,EST5635750,2025-09-07T00:00:00+00:00,won,LE Irrigation,922.62,8,115.33
EST5537026,EST5537026,2025-07-08T00:00:00+00:00,won,LE Paving,10786.91,35,308.20
EST5461283,EST5461283,2025-06-12T00:00:00+00:00,won,LE Irrigation,731.79,8,91.47
EST5633693,EST5633693,2025-09-20T00:00:00+00:00,won,LE Paving,2176.83,0,
EST5551850,EST5551850,2025-07-22T00:00:00+00:00,won,LE Maintenance Enchancements,1984.66,32.5,61.07
EST3259303,EST3259303,2025-10-13T00:00:00+00:00,won,LE Maintenance (Summer/Winter),13096.8,5,2619.36
EST5681847,EST5681847,2025-10-26T00:00:00+00:00,won,LE Paving,5902.9,0,
EST5681760,EST5681760,2025-09-03T00:00:00+00:00,won,LE Paving,1903.13,0,
EST5760568,EST5760568,2025-09-29T00:00:00+00:00,won,LE Tree Care,1033.23,7,147.60
EST5865789,EST5865789,2025-11-16T00:00:00+00:00,won,LE Tree Care,611.36,4,152.84
EST5744543,EST5744543,2025-09-21T00:00:00+00:00,won,LE Paving,30764.09,0,
EST3339701,EST3339701,2025-12-31T00:00:00+00:00,won,LE Maintenance (Summer/Winter),15116.4,25,604.66
EST2941180,EST2941180,2025-12-31T00:00:00+00:00,won,LE Maintenance (Summer/Winter),46490.24,25,1859.61
EST5539894,EST5539894,2025-07-02T00:00:00+00:00,won,LE Maintenance Enchancements,1510.62,12,125.88
EST5667526,EST5667526,2025-08-24T00:00:00+00:00,won,LE Irrigation,1123.47,10,112.35
EST5900155,EST5900155,2025-12-10T00:00:00+00:00,won,LE Tree Care,1360.34,9.5,143.19
EST3016163,EST3016163,2025-03-10T00:00:00+00:00,won,LE Maintenance (Summer/Winter),14340.69,0,
EST3016130,EST3016130,2025-03-10T00:00:00+00:00,won,LE Maintenance (Summer/Winter),13923,0,
EST5575893,EST5575893,2025-07-17T00:00:00+00:00,won,LE Irrigation,973.49,4,243.37
EST5430945,EST5430945,2025-06-03T00:00:00+00:00,won,LE Paving,2516.24,8,314.53
EST5436820,EST5436820,2025-05-27T00:00:00+00:00,won,LE Landscapes,1366.52,8,170.81
EST4933314,EST4933314,2025-04-30T00:00:00+00:00,won,LE Tree Care,567.96,4,141.99
EST3060777,EST3060777,2025-01-31T00:00:00+00:00,won,LE Maintenance (Summer/Winter),10488.03,0,
EST5489074,EST5489074,2025-06-17T00:00:00+00:00,won,LE Maintenance Enchancements,2648.22,45,58.85
EST5575904,EST5575904,2025-07-22T00:00:00+00:00,won,LE Landscapes,30674.4,108,284.02
EST5421834,EST5421834,2025-05-27T00:00:00+00:00,won,LE Landscapes,1830,10,183.00
EST5485817,EST5485817,2025-06-12T00:00:00+00:00,won,LE Tree Care,406,2,203.00
EST5478113,EST5478113,2025-07-22T00:00:00+00:00,won,LE Landscapes,4696.64,16,293.54
EST3184388,EST3184388,2025-06-19T00:00:00+00:00,won,LE Maintenance (Summer/Winter),1799.88,24,75.00
EST5453358,EST5453358,2025-06-29T00:00:00+00:00,won,LE Tree Care,10522.79,26,404.72
EST3062125,EST3062125,2025-03-26T00:00:00+00:00,won,LE Maintenance (Summer/Winter),10938.03,0,
EST5587064,EST5587064,2025-07-24T00:00:00+00:00,won,LE Landscapes,3499.86,16,218.74
EST4191343,EST4191343,2025-06-01T00:00:00+00:00,won,LE Irrigation,2595.26,24,108.14
EST5432406,EST5432406,2025-06-01T00:00:00+00:00,won,LE Tree Care,3000.82,12,250.07
EST5533463,EST5533463,2025-07-24T00:00:00+00:00,won,LE Tree Care,3145.54,21.5,146.30
EST5581487,EST5581487,2025-07-22T00:00:00+00:00,won,LE Landscapes,4239.45,16,264.97
EST5612944,EST5612944,2025-08-12T00:00:00+00:00,won,LE Landscapes,1446.41,8,180.80
EST5487536,EST5487536,2025-07-22T00:00:00+00:00,won,LE Tree Care,9542.32,32.5,293.61
EST5487684,EST5487684,2025-06-19T00:00:00+00:00,won,LE Tree Care,3392.63,10,339.26
EST5478104,EST5478104,2025-06-24T00:00:00+00:00,won,LE Landscapes,889.49,4,222.37
EST3379324,EST3379324,2025-03-31T00:00:00+00:00,won,LE Maintenance (Summer/Winter),8444,0,
EST5668050,EST5668050,2025-08-24T00:00:00+00:00,won,LE Irrigation,882.11,8,110.26
EST3340318,EST3340318,2025-10-14T00:00:00+00:00,won,LE Maintenance (Summer/Winter),37620,105,358.29
EST3340414,EST3340414,2025-10-14T00:00:00+00:00,won,LE Maintenance (Summer/Winter),11592,105,110.40
EST3340372,EST3340372,2025-10-13T00:00:00+00:00,won,LE Maintenance (Summer/Winter),44994,105,428.51
EST4320967,EST4320967,2025-11-04T00:00:00+00:00,won,LE Irrigation,9885.8,30,329.53
EST3345616,EST3345616,2025-10-16T00:00:00+00:00,won,LE Maintenance (Summer/Winter),22189.99,0,
EST3345213,EST3345213,2025-10-16T00:00:00+00:00,won,LE Maintenance (Summer/Winter),3646,0,
EST5852682,EST5852682,2025-11-06T00:00:00+00:00,won,LE Irrigation,4495.1,32,140.47
EST3340365,EST3340365,2025-10-13T00:00:00+00:00,won,LE Maintenance (Summer/Winter),52284,105,497.94
EST3340219,EST3340219,2025-10-13T00:00:00+00:00,won,LE Maintenance (Summer/Winter),246876,0,
EST3340386,EST3340386,2025-10-13T00:00:00+00:00,won,LE Maintenance (Summer/Winter),45174,105,430.23
EST3345235,EST3345235,2025-10-16T00:00:00+00:00,won,LE Maintenance (Summer/Winter),5494,0,
EST3345206,EST3345206,2025-10-16T00:00:00+00:00,won,LE Maintenance (Summer/Winter),4702,0,
EST3345224,EST3345224,2025-10-14T00:00:00+00:00,won,LE Maintenance (Summer/Winter),3382,0,
EST3345231,EST3345231,2025-10-16T00:00:00+00:00,won,LE Maintenance (Summer/Winter),3382,0,
EST3340288,EST3340288,2025-10-14T00:00:00+00:00,won,LE Maintenance (Summer/Winter),171336,105,1631.77
EST3340354,EST3340354,2025-10-13T00:00:00+00:00,won,LE Maintenance (Summer/Winter),37620,105,358.29
EST3345229,EST3345229,2025-10-16T00:00:00+00:00,won,LE Maintenance (Summer/Winter),4966,0,
EST3345238,EST3345238,2025-10-16T00:00:00+00:00,won,LE Maintenance (Summer/Winter),2327,0,
EST3345623,EST3345623,2025-10-16T00:00:00+00:00,won,LE Maintenance (Summer/Winter),10488.03,0,
EST3346113,EST3346113,2025-10-16T00:00:00+00:00,won,LE Maintenance (Summer/Winter),3599.76,48,75.00
EST3344659,EST3344659,2025-10-15T00:00:00+00:00,won,LE Maintenance (Summer/Winter),6435.25,0,
EST5801609,EST5801609,2025-10-19T00:00:00+00:00,won,LE Landscapes,6825.6,32,213.30
EST3344643,EST3344643,2025-10-15T00:00:00+00:00,won,LE Maintenance (Summer/Winter),8476.2,0,
EST5802633,EST5802633,2025-10-19T00:00:00+00:00,won,LE Landscapes,2396.38,10,239.64
EST3015462,EST3015462,2025-03-10T00:00:00+00:00,won,LE Maintenance (Summer/Winter),8516.39,0,
EST5334039,EST5334039,2025-05-12T00:00:00+00:00,won,LE Irrigation,206.8,2,103.40
EST5334084,EST5334084,2025-05-12T00:00:00+00:00,won,LE Irrigation,671,10,67.10
EST5850973,EST5850973,2025-11-05T00:00:00+00:00,won,LE Irrigation,100,0,
EST5334273,EST5334273,2025-05-12T00:00:00+00:00,won,LE Irrigation,300.03,8,37.50
EST5432414,EST5432414,2025-06-06T00:00:00+00:00,won,LE Maintenance Enchancements,1061.39,3,353.80
EST5334212,EST5334212,2025-05-12T00:00:00+00:00,won,LE Irrigation,169,2,84.50
EST5850958,EST5850958,2025-11-05T00:00:00+00:00,won,LE Irrigation,250,0,
EST3015636,EST3015636,2025-03-10T00:00:00+00:00,won,LE Maintenance (Summer/Winter),50471.63,0,
EST5850994,EST5850994,2025-11-05T00:00:00+00:00,won,LE Irrigation,100,0,
EST5263149,EST5263149,2025-04-03T00:00:00+00:00,won,LE Irrigation,4050,0,
EST5334065,EST5334065,2025-05-12T00:00:00+00:00,won,LE Irrigation,169,2,84.50
EST5432422,EST5432422,2025-06-06T00:00:00+00:00,won,LE Maintenance Enchancements,2326.28,7,332.33
EST5334226,EST5334226,2025-05-12T00:00:00+00:00,won,LE Irrigation,410,8,51.25
EST5334250,EST5334250,2025-05-12T00:00:00+00:00,won,LE Irrigation,325.01,4,81.25
EST5436938,EST5436938,2025-06-12T00:00:00+00:00,won,LE Landscapes,15499.3,71,218.30
EST5334122,EST5334122,2025-05-12T00:00:00+00:00,won,LE Irrigation,666.02,10,66.60
EST3015715,EST3015715,2025-03-10T00:00:00+00:00,won,LE Maintenance (Summer/Winter),2808,0,
EST3015813,EST3015813,2025-03-10T00:00:00+00:00,won,LE Maintenance (Summer/Winter),9150.5,0,
EST5850929,EST5850929,2025-11-05T00:00:00+00:00,won,LE Irrigation,100,0,
EST5850941,EST5850941,2025-11-05T00:00:00+00:00,won,LE Irrigation,250,0,
EST5850908,EST5850908,2025-11-05T00:00:00+00:00,won,LE Irrigation,300,0,
EST5850892,EST5850892,2025-11-05T00:00:00+00:00,won,LE Irrigation,100,0,
EST5850874,EST5850874,2025-11-05T00:00:00+00:00,won,LE Irrigation,350,0,
EST5850859,EST5850859,2025-11-05T00:00:00+00:00,won,LE Irrigation,300,0,
EST5497919,EST5497919,2025-08-13T00:00:00+00:00,won,LE Maintenance Enchancements,171.25,1,171.25
EST5649036,EST5649036,2025-08-14T00:00:00+00:00,won,LE Maintenance Enchancements,421.76,6,70.29
EST5450635,EST5450635,2025-06-08T00:00:00+00:00,won,LE Tree Care,2799.92,16,175.00
EST5850683,EST5850683,2025-11-05T00:00:00+00:00,won,LE Irrigation,250,0,
EST5609396,EST5609396,2025-07-30T00:00:00+00:00,won,LE Irrigation,402.37,4,100.59
EST5850702,EST5850702,2025-11-05T00:00:00+00:00,won,LE Irrigation,250,0,
EST5850652,EST5850652,2025-11-05T00:00:00+00:00,won,LE Irrigation,250,0,
EST5450865,EST5450865,2025-06-06T00:00:00+00:00,won,LE Maintenance Enchancements,421.76,6,70.29
EST5850726,EST5850726,2025-11-05T00:00:00+00:00,won,LE Irrigation,250,0,
EST5669679,EST5669679,2025-10-15T00:00:00+00:00,won,LE Maintenance Enchancements,632.64,6,105.44
EST5554724,EST5554724,2025-07-17T00:00:00+00:00,won,LE Maintenance Enchancements,210.88,0,
EST5552200,EST5552200,2025-07-10T00:00:00+00:00,won,LE Tree Care,586.92,4,146.73
EST5850755,EST5850755,2025-11-05T00:00:00+00:00,won,LE Irrigation,200,0,
EST5850780,EST5850780,2025-11-05T00:00:00+00:00,won,LE Irrigation,200,0,
EST5850847,EST5850847,2025-11-05T00:00:00+00:00,won,LE Irrigation,100,0,
EST5850796,EST5850796,2025-11-05T00:00:00+00:00,won,LE Irrigation,200,0,
EST5599711,EST5599711,2025-07-31T00:00:00+00:00,won,LE Tree Care,2587.66,20.5,126.23
EST5770273,EST5770273,2025-09-30T00:00:00+00:00,won,LE Irrigation,608.16,6,101.36
EST5333954,EST5333954,2025-04-23T00:00:00+00:00,won,LE Irrigation,4050,0,
EST3017119,EST3017119,2025-03-10T00:00:00+00:00,won,LE Maintenance (Summer/Winter),9425.02,0,
EST3015527,EST3015527,2025-03-10T00:00:00+00:00,won,LE Maintenance (Summer/Winter),8771.88,0,
EST3277343,EST3277343,2025-12-31T00:00:00+00:00,won,LE Maintenance (Summer/Winter),14368.49,72,199.56
EST3015659,EST3015659,2025-03-10T00:00:00+00:00,won,LE Maintenance (Summer/Winter),51985.78,0,
EST3299572,EST3299572,2025-09-25T00:00:00+00:00,won,LE Maintenance (Summer/Winter),16295,15,1086.33
EST3015782,EST3015782,2025-03-10T00:00:00+00:00,won,LE Maintenance (Summer/Winter),2892.24,0,
EST3270381,EST3270381,2025-09-02T00:00:00+00:00,won,LE Maintenance (Summer/Winter),3150,0,
EST3307342,EST3307342,2025-09-25T00:00:00+00:00,won,LE Maintenance (Summer/Winter),16763.6,15,1117.57
EST5770259,EST5770259,2025-09-30T00:00:00+00:00,won,LE Irrigation,651.86,6,108.64
EST3270794,EST3270794,2025-09-07T00:00:00+00:00,won,LE Maintenance (Summer/Winter),13949.99,72,193.75
EST3015579,EST3015579,2025-03-10T00:00:00+00:00,won,LE Maintenance (Summer/Winter),9035.04,0,
EST3015786,EST3015786,2025-03-10T00:00:00+00:00,won,LE Maintenance (Summer/Winter),2979.01,0,
EST3015670,EST3015670,2025-03-10T00:00:00+00:00,won,LE Maintenance (Summer/Winter),53545.35,0,
EST5333992,EST5333992,2025-05-12T00:00:00+00:00,won,LE Irrigation,4050,0,
EST3017129,EST3017129,2025-03-10T00:00:00+00:00,won,LE Maintenance (Summer/Winter),9707.77,0,
EST2948927,EST2948927,2025-02-07T00:00:00+00:00,won,LE Maintenance (Summer/Winter),32519.05,90,361.32
EST2982018,EST2982018,2025-02-27T00:00:00+00:00,won,LE Maintenance (Summer/Winter),116552.08,25,4662.08
EST5314150,EST5314150,2025-06-09T00:00:00+00:00,won,LE Maintenance Enchancements,937,6,156.17
EST5193445,EST5193445,2025-03-12T00:00:00+00:00,won,LE Irrigation,13441.93,48,280.04
EST5199924,EST5199924,2025-07-13T00:00:00+00:00,won,LE Paving,5492.65,15,366.18
EST5193441,EST5193441,2025-03-12T00:00:00+00:00,won,LE Irrigation,7653.58,32,239.17
EST5193436,EST5193436,2025-03-12T00:00:00+00:00,won,LE Irrigation,8199.34,32,256.23
EST4934222,EST4934222,2025-03-12T00:00:00+00:00,won,LE Irrigation,6346.59,24,264.44
EST2981926,EST2981926,2025-02-27T00:00:00+00:00,won,LE Maintenance (Summer/Winter),52417.57,25,2096.70
EST2987807,EST2987807,2025-02-27T00:00:00+00:00,won,LE Maintenance (Summer/Winter),49067.14,105,467.31
EST2987508,EST2987508,2025-02-27T00:00:00+00:00,won,LE Maintenance (Summer/Winter),114333.53,105,1088.89
EST5193429,EST5193429,2025-03-12T00:00:00+00:00,won,LE Irrigation,8775.07,32,274.22
EST5859835,EST5859835,2025-11-11T00:00:00+00:00,won,LE Tree Care,260.74,2,130.37
EST5787231,EST5787231,2025-10-19T00:00:00+00:00,won,LE Landscapes,4680.09,18,260.00
EST5722814,EST5722814,2025-09-14T00:00:00+00:00,won,LE Paving,912.84,3,304.28
EST5485558,EST5485558,2025-07-22T00:00:00+00:00,won,LE Landscapes,2153.38,12,179.45
EST5562983,EST5562983,2025-07-27T00:00:00+00:00,won,LE Paving,495.4,2,247.70
EST5740095,EST5740095,2025-09-29T00:00:00+00:00,won,LE Irrigation,311.43,2,155.72
EST5818562,EST5818562,2025-10-30T00:00:00+00:00,won,LE Irrigation,651.86,6,108.64
EST5778044,EST5778044,2025-10-07T00:00:00+00:00,won,LE Tree Care,400.02,3,133.34
EST5506088,EST5506088,2025-08-12T00:00:00+00:00,won,LE Maintenance (Summer/Winter),1400,8,175.00
EST5593813,EST5593813,2025-08-19T00:00:00+00:00,won,LE Tree Care,1314.47,9,146.05
EST5630549,EST5630549,2025-08-14T00:00:00+00:00,won,LE Irrigation,982.75,6,163.79
EST5532670,EST5532670,2025-07-24T00:00:00+00:00,won,LE Tree Care,739.77,5,147.95
EST5485444,EST5485444,2025-07-22T00:00:00+00:00,won,LE Landscapes,3742.41,14,267.31
EST5451050,EST5451050,2025-06-01T00:00:00+00:00,won,LE Irrigation,225,0,
EST5847209,EST5847209,2025-11-04T00:00:00+00:00,won,LE Irrigation,400,0,
EST5741300,EST5741300,2025-09-29T00:00:00+00:00,won,LE Tree Care,4044.85,26.5,152.64
EST5818536,EST5818536,2025-10-30T00:00:00+00:00,won,LE Irrigation,707.42,6,117.90
EST5497349,EST5497349,2025-06-19T00:00:00+00:00,won,LE Paving,9794.75,35,279.85
EST5436543,EST5436543,2025-05-27T00:00:00+00:00,won,LE Landscapes,1444.36,8,180.54
EST5580473,EST5580473,2025-07-22T00:00:00+00:00,won,LE Tree Care,3978.74,12,331.56
EST5406182,EST5406182,2025-05-22T00:00:00+00:00,won,LE Tree Care,1760.76,12,146.73
EST5457195,EST5457195,2025-07-13T00:00:00+00:00,won,LE Paving,8848.46,42,210.68
EST2988809,EST2988809,2025-02-27T00:00:00+00:00,won,LE Maintenance (Summer/Winter),50539.15,105,481.33
EST2990148,EST2990148,2025-02-27T00:00:00+00:00,won,LE Maintenance (Summer/Winter),120048.64,25,4801.95
EST5801645,EST5801645,2025-10-19T00:00:00+00:00,won,LE Landscapes,630,4,157.50
EST2988830,EST2988830,2025-02-27T00:00:00+00:00,won,LE Maintenance (Summer/Winter),43557.69,55,791.96
EST2990127,EST2990127,2025-02-27T00:00:00+00:00,won,LE Maintenance (Summer/Winter),55609.79,25,2224.39
EST2988908,EST2988908,2025-02-27T00:00:00+00:00,won,LE Maintenance (Summer/Winter),121296.44,105,1155.20
EST2990155,EST2990155,2025-02-27T00:00:00+00:00,won,LE Maintenance (Summer/Winter),111445.27,100,1114.45
EST2988879,EST2988879,2025-02-27T00:00:00+00:00,won,LE Maintenance (Summer/Winter),117763.54,105,1121.56
EST2865276,EST2865276,2025-04-30T00:00:00+00:00,won,LE Maintenance (Summer/Winter),10590.3,0,
EST5421710,EST5421710,2025-06-12T00:00:00+00:00,won,LE Landscapes,4397.76,25,175.91
EST5242242,EST5242242,2025-04-25T00:00:00+00:00,won,LE Paving,8347.84,15,556.52
EST5331079,EST5331079,2025-05-19T00:00:00+00:00,won,LE Landscapes,839.87,4,209.97
EST5444851,EST5444851,2025-07-23T00:00:00+00:00,won,LE Paving,4082.54,18,226.81
EST5355358,EST5355358,2025-05-19T00:00:00+00:00,won,LE Landscapes,8590.26,32,268.45
EST5421573,EST5421573,2025-06-12T00:00:00+00:00,won,LE Landscapes,3098.99,12,258.25
EST5421428,EST5421428,2025-06-12T00:00:00+00:00,won,LE Landscapes,5363.7,27,198.66
EST2943141,EST2943141,2025-02-04T00:00:00+00:00,won,LE Maintenance (Summer/Winter),10657.5,0,
EST5201995,EST5201995,2025-04-25T00:00:00+00:00,won,LE Paving,8599.47,40,214.99
EST5469027,EST5469027,2025-06-12T00:00:00+00:00,won,LE Landscapes,3002.32,8,375.29
EST5326077,EST5326077,2025-06-12T00:00:00+00:00,won,LE Landscapes,6872.3,24,286.35
EST5200236,EST5200236,2025-03-12T00:00:00+00:00,won,Snow,1519.04,8,189.88
EST5264130,EST5264130,2025-04-01T00:00:00+00:00,won,LE Tree Care,300,1,300.00
EST5482208,EST5482208,2025-06-19T00:00:00+00:00,won,LE Tree Care,868.16,6,144.69
EST2944488,EST2944488,2025-02-05T00:00:00+00:00,won,LE Maintenance (Summer/Winter),7527.03,0,
EST5421296,EST5421296,2025-06-12T00:00:00+00:00,won,LE Landscapes,2632.48,16,164.53
EST2944324,EST2944324,2025-02-05T00:00:00+00:00,won,LE Maintenance (Summer/Winter),7527.03,0,
EST5482221,EST5482221,2025-06-19T00:00:00+00:00,won,LE Tree Care,2999.22,19,157.85
EST5119966,EST5119966,2025-01-26T00:00:00+00:00,won,LE Tree Care,400,2,200.00
EST5482195,EST5482195,2025-06-19T00:00:00+00:00,won,LE Tree Care,293.46,2,146.73
EST5557031,EST5557031,2025-07-13T00:00:00+00:00,won,LE Tree Care,1173.84,8,146.73
EST5492658,EST5492658,2025-07-30T00:00:00+00:00,won,LE Landscapes,17542.93,52,337.36
EST5760381,EST5760381,2025-10-09T00:00:00+00:00,won,LE Tree Care,3420.97,21.5,159.11
EST5499174,EST5499174,2025-06-22T00:00:00+00:00,won,LE Landscapes,996.59,6,166.10
EST2944343,EST2944343,2025-02-05T00:00:00+00:00,won,LE Maintenance (Summer/Winter),7527.03,0,
EST5739674,EST5739674,2025-10-09T00:00:00+00:00,won,LE Tree Care,2885.72,20,144.29
EST5526332,EST5526332,2025-12-09T00:00:00+00:00,won,LE Tree Care,611.36,4,152.84
EST5516195,EST5516195,2025-07-24T00:00:00+00:00,won,LE Landscapes,10020.35,44,227.74
EST5739759,EST5739759,2025-10-09T00:00:00+00:00,won,LE Tree Care,1173.84,8,146.73
EST5499196,EST5499196,2025-07-22T00:00:00+00:00,won,LE Landscapes,4805.19,22,218.42
EST5526314,EST5526314,2025-09-29T00:00:00+00:00,won,LE Tree Care,987.37,6.5,151.90
EST5647035,EST5647035,2025-08-21T00:00:00+00:00,won,LE Tree Care,892.6,6,148.77
EST5575329,EST5575329,2025-07-24T00:00:00+00:00,won,LE Tree Care,790.75,4.5,175.72
EST5526222,EST5526222,2025-12-09T00:00:00+00:00,won,LE Tree Care,681.69,4.5,151.49
EST5884969,EST5884969,2025-12-02T00:00:00+00:00,won,LE Tree Care,1173.84,8,146.73
EST5738895,EST5738895,2025-09-29T00:00:00+00:00,won,LE Tree Care,200.01,1,200.01
EST5382395,EST5382395,2025-05-08T00:00:00+00:00,won,LE Landscapes,5971.44,30,199.05
EST3015987,EST3015987,2025-03-10T00:00:00+00:00,won,LE Maintenance (Summer/Winter),32012.79,25,1280.51
EST3020281,EST3020281,2025-03-10T00:00:00+00:00,won,LE Maintenance (Summer/Winter),54242.67,105,516.60
EST2902784,EST2902784,2025-01-19T00:00:00+00:00,won,LE Maintenance (Summer/Winter),8150.1,0,
EST3020290,EST3020290,2025-03-10T00:00:00+00:00,won,LE Maintenance (Summer/Winter),55869.95,105,532.09
EST2962394,EST2962394,2025-02-13T00:00:00+00:00,won,LE Maintenance (Summer/Winter),10675.03,0,
EST5540311,EST5540311,2025-08-19T00:00:00+00:00,won,Line Painting,2761.11,0,
EST2962487,EST2962487,2025-02-13T00:00:00+00:00,won,LE Maintenance (Summer/Winter),10995.22,0,
EST5553251,EST5553251,2025-08-12T00:00:00+00:00,won,LE Landscapes,11338.59,48,236.22
EST5717625,EST5717625,2025-10-19T00:00:00+00:00,won,LE Landscapes,3133.54,16,195.85
EST2962501,EST2962501,2025-02-13T00:00:00+00:00,won,LE Maintenance (Summer/Winter),11325.28,0,
EST2990228,EST2990228,2025-02-27T00:00:00+00:00,won,LE Maintenance (Summer/Winter),2136.01,0,
EST2991137,EST2991137,2025-02-27T00:00:00+00:00,won,LE Maintenance (Summer/Winter),2175.41,0,
EST2990355,EST2990355,2025-02-27T00:00:00+00:00,won,LE Maintenance (Summer/Winter),6637.96,0,
EST2991145,EST2991145,2025-02-27T00:00:00+00:00,won,LE Maintenance (Summer/Winter),6837.1,0,
EST2990344,EST2990344,2025-02-27T00:00:00+00:00,won,LE Maintenance (Summer/Winter),2112.05,0,
EST2991138,EST2991138,2025-02-27T00:00:00+00:00,won,LE Maintenance (Summer/Winter),2240.67,0,
EST2991178,EST2991178,2025-02-27T00:00:00+00:00,won,LE Maintenance (Summer/Winter),2266.09,0,
EST2991148,EST2991148,2025-02-27T00:00:00+00:00,won,LE Maintenance (Summer/Winter),7042.21,0,
EST2991177,EST2991177,2025-02-27T00:00:00+00:00,won,LE Maintenance (Summer/Winter),2200.09,0,
EST2997051,EST2997051,2025-03-02T00:00:00+00:00,won,LE Maintenance (Summer/Winter),6421.28,94.5,67.95
EST5654450,EST5654450,2025-08-17T00:00:00+00:00,won,LE Tree Care,1479.52,10,147.95
EST5630455,EST5630455,2025-08-10T00:00:00+00:00,won,LE Irrigation,1248.17,12,104.01
EST5654490,EST5654490,2025-08-17T00:00:00+00:00,won,LE Tree Care,957.25,6.5,147.27
EST5374628,EST5374628,2025-08-05T00:00:00+00:00,won,LE Paving,1637.48,8,204.69
EST5573579,EST5573579,2025-07-23T00:00:00+00:00,won,LE Paving,4556.36,15,303.76
EST5630569,EST5630569,2025-08-10T00:00:00+00:00,won,LE Irrigation,896.31,6,149.38
EST5630613,EST5630613,2025-08-10T00:00:00+00:00,won,LE Irrigation,1675.56,16,104.72
EST5630466,EST5630466,2025-08-10T00:00:00+00:00,won,LE Irrigation,471.61,4,117.90
EST5374549,EST5374549,2025-08-20T00:00:00+00:00,won,LE Paving,1650.32,8,206.29
EST5630547,EST5630547,2025-08-10T00:00:00+00:00,won,LE Irrigation,540.75,6,90.13
EST5630494,EST5630494,2025-08-10T00:00:00+00:00,won,LE Irrigation,1132.12,8,141.51
EST5828331,EST5828331,2025-11-12T00:00:00+00:00,won,LE Paving,1012.05,6,168.67
EST5846941,EST5846941,2025-11-05T00:00:00+00:00,won,LE Paving,1235.4,10,123.54
EST3189820,EST3189820,2025-06-25T00:00:00+00:00,won,LE Maintenance (Summer/Winter),14752.74,105,140.50
EST3143185,EST3143185,2025-05-15T00:00:00+00:00,won,LE Maintenance (Summer/Winter),14323.05,105,136.41
EST3189822,EST3189822,2025-06-30T00:00:00+00:00,won,LE Maintenance (Summer/Winter),15195.32,105,144.72
EST3021034,EST3021034,2025-03-10T00:00:00+00:00,won,LE Maintenance (Summer/Winter),11851.27,0,
EST3021074,EST3021074,2025-03-10T00:00:00+00:00,won,LE Maintenance (Summer/Winter),15889.27,0,
EST2840806,EST2840806,2025-02-03T00:00:00+00:00,won,LE Maintenance (Summer/Winter),31999.83,90,355.55
EST3021090,EST3021090,2025-03-10T00:00:00+00:00,won,LE Maintenance (Summer/Winter),19134.07,0,
EST5471688,EST5471688,2025-06-08T00:00:00+00:00,won,LE Irrigation,1403.38,12,116.95
EST5471661,EST5471661,2025-06-08T00:00:00+00:00,won,LE Irrigation,1256.77,12,104.73
EST5471543,EST5471543,2025-06-08T00:00:00+00:00,won,LE Irrigation,854.4,8,106.80
EST5334449,EST5334449,2025-06-01T00:00:00+00:00,won,LE Irrigation,400,0,
EST5471570,EST5471570,2025-06-08T00:00:00+00:00,won,LE Irrigation,963.97,8,120.50
EST5500128,EST5500128,2025-06-25T00:00:00+00:00,won,LE Paving,7304.6,8.5,859.36
EST5771989,EST5771989,2025-10-19T00:00:00+00:00,won,LE Landscapes,751.59,4,187.90
EST5515648,EST5515648,2025-06-29T00:00:00+00:00,won,LE Landscapes,5268.02,19,277.26
EST3238099,EST3238099,2025-08-31T00:00:00+00:00,won,LE Maintenance (Summer/Winter),45535.31,60,758.92
EST5672568,EST5672568,2025-08-24T00:00:00+00:00,won,LE Irrigation,804.94,4,201.24
EST5500955,EST5500955,2025-06-25T00:00:00+00:00,won,LE Paving,4351.14,16,271.95
EST5501315,EST5501315,2025-07-20T00:00:00+00:00,won,LE Paving,6212.49,5,1242.50
EST5488510,EST5488510,2025-06-12T00:00:00+00:00,won,LE Maintenance Enchancements,799.11,12,66.59
EST5818521,EST5818521,2025-10-30T00:00:00+00:00,won,LE Irrigation,416.06,4,104.02
EST5500728,EST5500728,2025-06-25T00:00:00+00:00,won,LE Paving,6681.79,6,1113.63
EST5788952,EST5788952,2025-10-13T00:00:00+00:00,won,LE Tree Care,586.92,4,146.73
EST5488464,EST5488464,2025-06-15T00:00:00+00:00,won,LE Irrigation,1562.91,8,195.36
EST5531388,EST5531388,2025-07-06T00:00:00+00:00,won,LE Tree Care,669.47,4.5,148.77
EST5531348,EST5531348,2025-07-06T00:00:00+00:00,won,LE Tree Care,892.6,6,148.77
EST5531295,EST5531295,2025-07-06T00:00:00+00:00,won,LE Tree Care,892.6,6,148.77
EST5700029,EST5700029,2025-10-21T00:00:00+00:00,won,LE Paving,615.87,3,205.29
EST5531431,EST5531431,2025-07-06T00:00:00+00:00,won,LE Tree Care,305.68,2,152.84
EST3262119,EST3262119,2025-09-25T00:00:00+00:00,won,LE Maintenance (Summer/Winter),35760,72,496.67
EST5853085,EST5853085,2025-11-16T00:00:00+00:00,won,LE Irrigation,3331.92,32,104.12
EST5660110,EST5660110,2025-08-23T00:00:00+00:00,won,LE Maintenance Enchancements,1435.91,6,239.32
EST5479856,EST5479856,2025-08-04T00:00:00+00:00,won,LE Landscapes,3261.84,20,163.09
EST5521891,EST5521891,2025-06-25T00:00:00+00:00,won,LE Paving,5731.39,26,220.44
EST5531485,EST5531485,2025-07-06T00:00:00+00:00,won,LE Tree Care,1363.35,9,151.48
EST5802989,EST5802989,2025-10-19T00:00:00+00:00,won,LE Landscapes,1777.68,10,177.77
EST5221900,EST5221900,2025-03-24T00:00:00+00:00,won,LE Landscapes,59850.18,242,247.31
EST5350536,EST5350536,2025-05-19T00:00:00+00:00,won,LE Landscapes,8750.13,46,190.22
EST5336639,EST5336639,2025-05-01T00:00:00+00:00,won,LE Landscapes,857.02,3,285.67
EST5291614,EST5291614,2025-06-12T00:00:00+00:00,won,LE Landscapes,9359.64,40,233.99
EST4715585,EST4715585,2025-06-12T00:00:00+00:00,won,LE Landscapes,18896.88,98,192.83
EST5221975,EST5221975,2025-03-18T00:00:00+00:00,won,LE Landscapes,40576.31,234,173.40
EST5092778,EST5092778,2025-01-08T00:00:00+00:00,won,LE Tree Care,400,3,133.33
EST5331492,EST5331492,2025-05-01T00:00:00+00:00,won,LE Landscapes,11998.04,70,171.40
EST5221874,EST5221874,2025-03-18T00:00:00+00:00,won,LE Landscapes,23398.98,299,78.26
EST5344085,EST5344085,2025-04-27T00:00:00+00:00,won,LE Landscapes,3701.08,8,462.63
EST5350823,EST5350823,2025-05-19T00:00:00+00:00,won,LE Landscapes,4952.99,26,190.50
EST5078367,EST5078367,2025-06-22T00:00:00+00:00,won,LE Paving,3921.42,0,
EST5488935,EST5488935,2025-06-12T00:00:00+00:00,won,LE Maintenance Enchancements,313,4,78.25
EST5492654,EST5492654,2025-06-24T00:00:00+00:00,won,LE Irrigation,2014.07,14,143.86
EST5451380,EST5451380,2025-06-01T00:00:00+00:00,won,LE Irrigation,200,0,
EST5488548,EST5488548,2025-06-15T00:00:00+00:00,won,LE Irrigation,1074.3,10,107.43
EST5367592,EST5367592,2025-06-24T00:00:00+00:00,won,LE Landscapes,3255.59,12,271.30
EST5431973,EST5431973,2025-05-25T00:00:00+00:00,won,LE Irrigation,1733.43,12,144.45
EST5363279,EST5363279,2025-05-19T00:00:00+00:00,won,LE Landscapes,2090.91,12,174.24
EST5431948,EST5431948,2025-05-25T00:00:00+00:00,won,LE Irrigation,915.51,8,114.44
EST5426638,EST5426638,2025-06-01T00:00:00+00:00,won,LE Irrigation,327.47,2,163.74
EST4772756,EST4772756,2025-06-03T00:00:00+00:00,won,LE Paving,9090.51,32,284.08
EST5469232,EST5469232,2025-09-02T00:00:00+00:00,won,LE Paving,13808.21,20,690.41
EST5397018,EST5397018,2025-05-27T00:00:00+00:00,won,LE Landscapes,64048.41,190,337.10
EST5482886,EST5482886,2025-06-11T00:00:00+00:00,won,LE Irrigation,1688.89,0,
EST5477595,EST5477595,2025-07-24T00:00:00+00:00,won,LE Landscapes,14691.32,68,216.05
EST5492612,EST5492612,2025-06-24T00:00:00+00:00,won,LE Irrigation,1390.53,13,106.96
EST5367758,EST5367758,2025-06-10T00:00:00+00:00,won,LE Paving,2165.63,0,
EST5382021,EST5382021,2025-05-19T00:00:00+00:00,won,LE Landscapes,1552.32,6.33,245.23
EST5380800,EST5380800,2025-05-19T00:00:00+00:00,won,LE Landscapes,1116.35,5,223.27
EST5489114,EST5489114,2025-06-22T00:00:00+00:00,won,LE Paving,2123.64,12,176.97
EST5477318,EST5477318,2025-06-24T00:00:00+00:00,won,LE Landscapes,7921.81,32,247.56
EST5426660,EST5426660,2025-06-01T00:00:00+00:00,won,LE Irrigation,1586.58,16,99.16
EST5362509,EST5362509,2025-05-01T00:00:00+00:00,won,LE Landscapes,2639.27,16,164.95
EST5380591,EST5380591,2025-05-19T00:00:00+00:00,won,LE Landscapes,2042.12,6.5,314.17
EST5579966,EST5579966,2025-07-24T00:00:00+00:00,won,LE Landscapes,38762.56,136,285.02
EST5504271,EST5504271,2025-06-22T00:00:00+00:00,won,LE Landscapes,19490,88,221.48
EST5575414,EST5575414,2025-07-27T00:00:00+00:00,won,LE Irrigation,1586.58,16,99.16
EST5491113,EST5491113,2025-06-15T00:00:00+00:00,won,LE Maintenance Enchancements,151.46,2.5,60.58
EST5492498,EST5492498,2025-08-07T00:00:00+00:00,won,LE Irrigation,671.54,6,111.92
EST5520115,EST5520115,2025-07-02T00:00:00+00:00,won,LE Maintenance Enchancements,867.63,4,216.91
EST5514453,EST5514453,2025-06-23T00:00:00+00:00,won,LE Irrigation,953.93,9,105.99
EST5562553,EST5562553,2025-07-24T00:00:00+00:00,won,LE Tree Care,3184.48,16,199.03
EST5545215,EST5545215,2025-07-07T00:00:00+00:00,won,LE Irrigation,1537.5,12,128.13
EST5492191,EST5492191,2025-06-24T00:00:00+00:00,won,LE Irrigation,2440.58,24,101.69
EST5655081,EST5655081,2025-08-19T00:00:00+00:00,won,LE Tree Care,3056.8,20,152.84
EST5619114,EST5619114,2025-08-07T00:00:00+00:00,won,LE Irrigation,952.47,10,95.25
EST5764834,EST5764834,2025-09-29T00:00:00+00:00,won,LE Tree Care,400,2,200.00
EST5668790,EST5668790,2025-09-04T00:00:00+00:00,won,LE Tree Care,1479.52,10,147.95
EST5631558,EST5631558,2025-08-17T00:00:00+00:00,won,LE Irrigation,1620.52,16,101.28
EST5655097,EST5655097,2025-08-19T00:00:00+00:00,won,LE Tree Care,2653.36,18,147.41
EST5839287,EST5839287,2025-11-02T00:00:00+00:00,won,LE Irrigation,150,0,
EST5583054,EST5583054,2025-07-22T00:00:00+00:00,won,LE Landscapes,1447.59,8,180.95
EST5690363,EST5690363,2025-09-01T00:00:00+00:00,won,LE Tree Care,3970.4,26,152.71
EST5706400,EST5706400,2025-09-10T00:00:00+00:00,won,LE Irrigation,239.21,2,119.61
EST5706364,EST5706364,2025-09-09T00:00:00+00:00,won,LE Irrigation,854.33,8,106.79
EST5754403,EST5754403,2025-10-21T00:00:00+00:00,won,LE Paving,9759.98,40,244.00
EST5717408,EST5717408,2025-09-10T00:00:00+00:00,won,LE Irrigation,150,0,
EST5597465,EST5597465,2025-09-01T00:00:00+00:00,won,LE Tree Care,1879.97,12.5,150.40
EST3339607,EST3339607,2025-10-13T00:00:00+00:00,won,LE Maintenance (Summer/Winter),9130,2,4565.00
EST5669690,EST5669690,2025-10-10T00:00:00+00:00,won,LE Paving,8491.91,30,283.06
EST5653293,EST5653293,2025-09-06T00:00:00+00:00,won,LE Paving,9040.19,30,301.34
EST5635919,EST5635919,2025-09-01T00:00:00+00:00,won,LE Landscapes,4214.23,24,175.59
EST5635950,EST5635950,2025-09-01T00:00:00+00:00,won,LE Landscapes,4607.9,24,192.00
EST5844366,EST5844366,2025-11-03T00:00:00+00:00,won,LE Irrigation,180.25,2,90.13
EST5866636,EST5866636,2025-11-17T00:00:00+00:00,won,LE Tree Care,446.31,3,148.77
EST5863190,EST5863190,2025-11-18T00:00:00+00:00,won,LE Landscapes,1575,10,157.50
EST3339613,EST3339613,2025-10-13T00:00:00+00:00,won,LE Maintenance (Summer/Winter),9130,2,4565.00
EST3339620,EST3339620,2025-10-13T00:00:00+00:00,won,LE Maintenance (Summer/Winter),9130,2,4565.00
EST4717212,EST4717212,2025-04-08T00:00:00+00:00,won,LE Irrigation,4790.47,24,199.60
EST4717159,EST4717159,2025-04-08T00:00:00+00:00,won,LE Irrigation,4731.8,24,197.16
EST4717189,EST4717189,2025-04-08T00:00:00+00:00,won,LE Irrigation,4771.06,24,198.79
EST4717080,EST4717080,2025-04-08T00:00:00+00:00,won,LE Irrigation,5564.49,24,231.85
EST2845926,EST2845926,2025-06-15T00:00:00+00:00,won,LE Maintenance (Summer/Winter),68815.41,90,764.62
EST2845958,EST2845958,2025-01-26T00:00:00+00:00,won,LE Maintenance (Summer/Winter),36414,90,404.60
EST2951166,EST2951166,2025-04-18T00:00:00+00:00,won,LE Maintenance (Summer/Winter),37506.6,90,416.74
EST2981716,EST2981716,2025-02-27T00:00:00+00:00,won,LE Maintenance (Summer/Winter),3918.02,0,
EST2989341,EST2989341,2025-02-27T00:00:00+00:00,won,LE Maintenance (Summer/Winter),22903.92,300,76.35
EST2981739,EST2981739,2025-02-27T00:00:00+00:00,won,LE Maintenance (Summer/Winter),1400.02,0,
EST2981723,EST2981723,2025-02-27T00:00:00+00:00,won,LE Maintenance (Summer/Winter),6700,0,
EST2989584,EST2989584,2025-02-27T00:00:00+00:00,won,LE Maintenance (Summer/Winter),43113,300,143.71
EST3025117,EST3025117,2025-03-11T00:00:00+00:00,won,LE Maintenance (Summer/Winter),28241.14,105,268.96
EST5161216,EST5161216,2025-03-18T00:00:00+00:00,won,LE Tree Care,1017.48,8,127.19
EST5238301,EST5238301,2025-08-07T00:00:00+00:00,won,LE Paving,2215.53,12,184.63
EST5293729,EST5293729,2025-04-22T00:00:00+00:00,won,LE Irrigation,500,0,
EST5293639,EST5293639,2025-04-22T00:00:00+00:00,won,LE Irrigation,550,0,
EST5486823,EST5486823,2025-06-17T00:00:00+00:00,won,LE Paving,18941.58,54,350.77
EST5456954,EST5456954,2025-08-21T00:00:00+00:00,won,LE Tree Care,3494.32,16,218.40
EST5436851,EST5436851,2025-06-01T00:00:00+00:00,won,LE Landscapes,477.71,2.5,191.08
EST5387221,EST5387221,2025-05-13T00:00:00+00:00,won,LE Paving,2079.42,12,173.28
EST5329350,EST5329350,2025-05-19T00:00:00+00:00,won,LE Irrigation,250,0,
EST5329271,EST5329271,2025-05-19T00:00:00+00:00,won,LE Irrigation,300,0,
EST5329291,EST5329291,2025-05-19T00:00:00+00:00,won,LE Irrigation,350,0,
EST5329316,EST5329316,2025-05-19T00:00:00+00:00,won,LE Irrigation,370,0,
EST5362712,EST5362712,2025-05-01T00:00:00+00:00,won,LE Landscapes,400.02,4,100.00
EST5329328,EST5329328,2025-05-19T00:00:00+00:00,won,LE Irrigation,500,0,
EST5329895,EST5329895,2025-05-19T00:00:00+00:00,won,LE Irrigation,500,0,
EST5329818,EST5329818,2025-05-19T00:00:00+00:00,won,LE Irrigation,500,0,
EST5363473,EST5363473,2025-05-20T00:00:00+00:00,won,LE Paving,3800.02,12,316.67
EST3119490,EST3119490,2025-04-27T00:00:00+00:00,won,LE Maintenance (Summer/Winter),18644.81,105,177.57
EST5329797,EST5329797,2025-05-19T00:00:00+00:00,won,LE Irrigation,700,0,
EST5418809,EST5418809,2025-08-05T00:00:00+00:00,won,LE Paving,21320.55,25,852.82
EST5488299,EST5488299,2025-06-15T00:00:00+00:00,won,LE Maintenance Enchancements,236.7,4,59.17
EST5557087,EST5557087,2025-07-13T00:00:00+00:00,won,LE Tree Care,3234.18,22,147.01
EST5525341,EST5525341,2025-07-13T00:00:00+00:00,won,LE Paving,9295.59,31,299.86
EST5575515,EST5575515,2025-10-09T00:00:00+00:00,won,LE Tree Care,586.92,4,146.73
EST5577479,EST5577479,2025-07-21T00:00:00+00:00,won,LE Maintenance (Summer/Winter),503.02,3,167.67
EST5577493,EST5577493,2025-07-21T00:00:00+00:00,won,LE Maintenance (Summer/Winter),507.82,6,84.64
EST5577481,EST5577481,2025-07-21T00:00:00+00:00,won,LE Maintenance (Summer/Winter),360.77,4,90.19
EST5577496,EST5577496,2025-07-21T00:00:00+00:00,won,LE Maintenance (Summer/Winter),387.2,2,193.60
EST5807781,EST5807781,2025-10-19T00:00:00+00:00,won,LE Landscapes,1463.84,6,243.97
EST5831996,EST5831996,2025-11-05T00:00:00+00:00,won,LE Tree Care,562.48,4,140.62
EST5671268,EST5671268,2025-09-07T00:00:00+00:00,won,LE Irrigation,1237.05,12,103.09
EST5742946,EST5742946,2025-09-22T00:00:00+00:00,won,LE Paving,7473.6,0,
EST5643209,EST5643209,2025-09-17T00:00:00+00:00,won,LE Tree Care,3500.1,23.5,148.94
EST5742941,EST5742941,2025-10-21T00:00:00+00:00,won,LE Paving,11870.34,0,
EST5626631,EST5626631,2025-08-06T00:00:00+00:00,won,LE Maintenance Enchancements,196.48,3,65.49
EST5741447,EST5741447,2025-10-26T00:00:00+00:00,won,LE Tree Care,2817.29,14,201.23
EST5597035,EST5597035,2025-07-27T00:00:00+00:00,won,LE Irrigation,460.84,3,153.61
EST5869131,EST5869131,2025-12-29T00:00:00+00:00,won,LE Irrigation,5685.6,28,203.06
EST5757741,EST5757741,2025-10-07T00:00:00+00:00,won,LE Paving,1860,1,1860.00
EST5643560,EST5643560,2025-09-29T00:00:00+00:00,won,LE Paving,63361.89,90,704.02
EST5742964,EST5742964,2025-09-22T00:00:00+00:00,won,LE Paving,7133.82,0,
EST3352762,EST3352762,2025-10-23T00:00:00+00:00,won,LE Maintenance (Summer/Winter),24022,100,240.22
EST2990831,EST2990831,2025-02-27T00:00:00+00:00,won,LE Maintenance (Summer/Winter),1430.02,0,
EST2991654,EST2991654,2025-02-27T00:00:00+00:00,won,LE Maintenance (Summer/Winter),43880.7,300,146.27
EST2991589,EST2991589,2025-02-27T00:00:00+00:00,won,LE Maintenance (Summer/Winter),28514.65,300,95.05
EST2950411,EST2950411,2025-04-20T00:00:00+00:00,won,LE Maintenance (Summer/Winter),3544.09,0,
EST2990670,EST2990670,2025-02-27T00:00:00+00:00,won,LE Maintenance (Summer/Winter),6857.5,0,
EST2990639,EST2990639,2025-02-27T00:00:00+00:00,won,LE Maintenance (Summer/Winter),4005.98,0,
EST2845948,EST2845948,2025-06-15T00:00:00+00:00,won,LE Maintenance (Summer/Winter),70879.95,90,787.55
EST3040213,EST3040213,2025-03-17T00:00:00+00:00,won,LE Maintenance (Summer/Winter),29088.37,105,277.03
EST2951174,EST2951174,2025-04-18T00:00:00+00:00,won,LE Maintenance (Summer/Winter),38631.6,90,429.24
EST2991596,EST2991596,2025-02-27T00:00:00+00:00,won,LE Maintenance (Summer/Winter),28917.83,300,96.39
EST2990656,EST2990656,2025-02-27T00:00:00+00:00,won,LE Maintenance (Summer/Winter),4096.58,0,
EST2990837,EST2990837,2025-03-18T00:00:00+00:00,won,LE Maintenance (Summer/Winter),1460.92,0,
EST2990674,EST2990674,2025-02-27T00:00:00+00:00,won,LE Maintenance (Summer/Winter),7019.73,0,
EST2991660,EST2991660,2025-02-27T00:00:00+00:00,won,LE Maintenance (Summer/Winter),44671.43,300,148.90